order_item_refund_id,created_at,order_item_id,order_id,refund_amount_usd
1,2012/4/6 11:32,57,57,49.99
2,2012/4/13 1:09,74,74,49.99
3,2012/4/15 7:03,71,71,49.99
4,2012/4/17 20:00,118,118,49.99
5,2012/4/22 20:53,116,116,49.99
6,2012/5/4 11:59,147,147,49.99
7,2012/5/12 2:41,186,186,49.99
8,2012/5/16 13:06,191,191,49.99
9,2012/5/24 16:00,179,179,49.99
10,2012/5/30 17:20,199,199,49.99
11,2012/6/6 14:22,271,271,49.99
12,2012/6/10 19:54,290,290,49.99
13,2012/6/20 19:13,335,335,49.99
14,2012/6/28 18:54,382,382,49.99
15,2012/6/29 15:50,357,357,49.99
16,2012/7/5 14:24,409,409,49.99
17,2012/7/7 7:36,368,368,49.99
18,2012/7/7 19:54,391,391,49.99
19,2012/7/8 2:59,424,424,49.99
20,2012/7/10 14:31,393,393,49.99
21,2012/7/11 22:16,442,442,49.99
22,2012/7/19 6:57,472,472,49.99
23,2012/7/20 13:51,470,470,49.99
24,2012/7/21 9:45,469,469,49.99
25,2012/7/22 12:53,471,471,49.99
26,2012/7/27 18:03,468,468,49.99
27,2012/7/29 7:41,467,467,49.99
28,2012/7/31 1:43,500,500,49.99
29,2012/8/1 13:50,501,501,49.99
30,2012/8/6 23:16,568,568,49.99
31,2012/8/8 17:45,545,545,49.99
32,2012/8/9 17:14,558,558,49.99
33,2012/8/12 1:39,577,577,49.99
34,2012/8/12 19:26,648,648,49.99
35,2012/8/15 3:07,669,669,49.99
36,2012/8/16 10:58,587,587,49.99
37,2012/8/17 0:42,581,581,49.99
38,2012/8/17 0:43,584,584,49.99
39,2012/8/18 9:15,638,638,49.99
40,2012/8/20 8:19,676,676,49.99
41,2012/8/23 12:16,717,717,49.99
42,2012/8/24 15:15,661,661,49.99
43,2012/8/27 4:21,694,694,49.99
44,2012/8/27 14:26,668,668,49.99
45,2012/8/29 0:16,739,739,49.99
46,2012/8/29 14:11,718,718,49.99
47,2012/9/1 10:36,780,780,49.99
48,2012/9/3 21:08,786,786,49.99
49,2012/9/8 9:52,760,760,49.99
50,2012/9/12 12:31,844,844,49.99
51,2012/9/13 7:09,823,823,49.99
52,2012/9/14 7:45,883,883,49.99
53,2012/9/14 9:09,818,818,49.99
54,2012/9/14 21:56,900,900,49.99
55,2012/9/15 9:00,838,838,49.99
56,2012/9/15 19:18,807,807,49.99
57,2012/9/18 8:07,910,910,49.99
58,2012/9/19 19:57,849,849,49.99
59,2012/9/22 17:50,988,988,49.99
60,2012/9/24 12:27,934,934,49.99
61,2012/9/24 15:13,993,993,49.99
62,2012/9/24 20:49,950,950,49.99
63,2012/9/25 8:14,969,969,49.99
64,2012/9/27 1:07,953,953,49.99
65,2012/9/27 4:26,905,905,49.99
66,2012/9/29 19:44,941,941,49.99
67,2012/9/30 10:29,939,939,49.99
68,2012/10/2 19:14,1006,1006,49.99
69,2012/10/5 11:06,1107,1107,49.99
70,2012/10/5 18:22,1069,1069,49.99
71,2012/10/6 0:04,984,984,49.99
72,2012/10/6 7:54,1021,1021,49.99
73,2012/10/7 1:25,1129,1129,49.99
74,2012/10/7 15:51,1103,1103,49.99
75,2012/10/8 15:43,1036,1036,49.99
76,2012/10/10 10:23,1063,1063,49.99
77,2012/10/10 13:15,1078,1078,49.99
78,2012/10/10 15:18,1056,1056,49.99
79,2012/10/13 21:35,1145,1145,49.99
80,2012/10/14 19:15,1123,1123,49.99
81,2012/10/17 12:24,1226,1226,49.99
82,2012/10/20 13:42,1279,1279,49.99
83,2012/10/20 17:49,1245,1245,49.99
84,2012/10/21 19:42,1271,1271,49.99
85,2012/10/22 11:33,1167,1167,49.99
86,2012/10/22 14:28,1243,1243,49.99
87,2012/10/23 18:58,1318,1318,49.99
88,2012/10/25 4:26,1227,1227,49.99
89,2012/10/26 7:25,1283,1283,49.99
90,2012/10/28 6:17,1222,1222,49.99
91,2012/10/29 0:19,1233,1233,49.99
92,2012/11/1 8:02,1274,1274,49.99
93,2012/11/1 17:40,1426,1426,49.99
94,2012/11/1 18:56,1267,1267,49.99
95,2012/11/2 14:46,1451,1451,49.99
96,2012/11/3 18:58,1445,1445,49.99
97,2012/11/4 6:41,1393,1393,49.99
98,2012/11/5 18:35,1351,1351,49.99
99,2012/11/6 16:47,1324,1324,49.99
100,2012/11/6 17:59,1480,1480,49.99
101,2012/11/7 10:23,1422,1422,49.99
102,2012/11/9 7:25,1368,1368,49.99
103,2012/11/11 2:57,1515,1515,49.99
104,2012/11/12 13:31,1468,1468,49.99
105,2012/11/13 4:28,1525,1525,49.99
106,2012/11/13 18:51,1547,1547,49.99
107,2012/11/14 1:09,1443,1443,49.99
108,2012/11/14 20:42,1559,1559,49.99
109,2012/11/15 3:18,1576,1576,49.99
110,2012/11/15 22:31,1552,1552,49.99
111,2012/11/17 16:07,1584,1584,49.99
112,2012/11/17 20:47,1483,1483,49.99
113,2012/11/18 11:31,1532,1532,49.99
114,2012/11/18 22:56,1544,1544,49.99
115,2012/11/19 17:29,1626,1626,49.99
116,2012/11/21 6:39,1638,1638,49.99
117,2012/11/21 18:20,1528,1528,49.99
118,2012/11/22 1:35,1653,1653,49.99
119,2012/11/25 21:13,1637,1637,49.99
120,2012/11/25 21:54,1756,1756,49.99
121,2012/11/26 3:35,1660,1660,49.99
122,2012/11/26 15:40,1646,1646,49.99
123,2012/11/26 23:13,1631,1631,49.99
124,2012/11/27 9:18,1617,1617,49.99
125,2012/11/27 9:36,1779,1779,49.99
126,2012/11/27 18:57,1848,1848,49.99
127,2012/11/27 19:18,1748,1748,49.99
128,2012/11/28 1:24,1815,1815,49.99
129,2012/11/28 12:23,1604,1604,49.99
130,2012/11/29 17:23,1908,1908,49.99
131,2012/11/30 10:45,1636,1636,49.99
132,2012/12/2 16:26,2064,2064,49.99
133,2012/12/2 20:46,2051,2051,49.99
134,2012/12/2 23:09,1988,1988,49.99
135,2012/12/3 0:54,1909,1909,49.99
136,2012/12/3 22:16,1905,1905,49.99
137,2012/12/3 22:45,1961,1961,49.99
138,2012/12/4 2:54,1918,1918,49.99
139,2012/12/4 15:16,1776,1776,49.99
140,2012/12/4 17:07,2028,2028,49.99
141,2012/12/5 13:29,1797,1797,49.99
142,2012/12/5 14:58,1915,1915,49.99
143,2012/12/5 21:25,1818,1818,49.99
144,2012/12/6 0:11,1947,1947,49.99
145,2012/12/8 9:35,1745,1745,49.99
146,2012/12/9 2:30,2050,2050,49.99
147,2012/12/11 9:41,2184,2184,49.99
148,2012/12/12 17:40,2098,2098,49.99
149,2012/12/13 18:49,2045,2045,49.99
150,2012/12/13 21:56,2241,2241,49.99
151,2012/12/14 0:26,2057,2057,49.99
152,2012/12/15 1:53,2165,2165,49.99
153,2012/12/15 18:15,2147,2147,49.99
154,2012/12/18 6:03,2341,2341,49.99
155,2012/12/18 10:33,2172,2172,49.99
156,2012/12/18 16:32,2244,2244,49.99
157,2012/12/19 10:27,2202,2202,49.99
158,2012/12/20 10:37,2365,2365,49.99
159,2012/12/21 23:38,2377,2377,49.99
160,2012/12/22 7:03,2415,2415,49.99
161,2012/12/23 12:55,2337,2337,49.99
162,2012/12/24 2:35,2249,2249,49.99
163,2012/12/26 16:24,2444,2444,49.99
164,2012/12/26 20:36,2445,2445,49.99
165,2012/12/26 21:48,2323,2323,49.99
166,2012/12/27 18:09,2398,2398,49.99
167,2012/12/28 15:07,2479,2479,49.99
168,2012/12/31 17:05,2446,2446,49.99
169,2012/12/31 22:19,2431,2431,49.99
170,2013/1/1 14:30,2426,2426,49.99
171,2013/1/4 0:06,2498,2498,49.99
172,2013/1/4 11:38,2489,2489,49.99
173,2013/1/5 17:00,2504,2504,49.99
174,2013/1/6 1:50,2492,2492,49.99
175,2013/1/6 7:42,2495,2495,49.99
176,2013/1/7 1:10,2549,2549,49.99
177,2013/1/7 17:47,2525,2525,49.99
178,2013/1/9 17:13,2619,2619,49.99
179,2013/1/10 20:07,2576,2576,49.99
180,2013/1/12 5:10,2711,2711,49.99
181,2013/1/15 12:24,2715,2715,49.99
182,2013/1/15 13:09,2621,2621,49.99
183,2013/1/17 4:44,2752,2752,49.99
184,2013/1/17 18:44,2660,2660,49.99
185,2013/1/19 22:51,2790,2790,49.99
186,2013/1/24 13:47,2755,2755,49.99
187,2013/1/27 4:11,2777,2777,49.99
188,2013/1/27 4:20,2789,2789,49.99
189,2013/1/28 8:17,2805,2805,49.99
190,2013/1/29 6:53,2846,2846,59.99
191,2013/2/1 19:47,2961,2961,49.99
192,2013/2/1 21:10,2833,2833,49.99
193,2013/2/2 14:05,2911,2911,49.99
194,2013/2/3 20:08,2978,2978,49.99
195,2013/2/6 16:47,2998,2998,59.99
196,2013/2/7 5:42,2906,2906,49.99
197,2013/2/7 20:48,2913,2913,49.99
198,2013/2/10 23:31,2958,2958,49.99
199,2013/2/12 0:01,3079,3079,49.99
200,2013/2/12 11:30,3014,3014,49.99
201,2013/2/12 13:57,3019,3019,49.99
202,2013/2/13 2:20,2999,2999,49.99
203,2013/2/14 1:34,3073,3073,49.99
204,2013/2/20 5:32,3048,3048,49.99
205,2013/2/20 5:50,3067,3067,49.99
206,2013/2/20 6:06,3284,3284,59.99
207,2013/2/22 5:03,3109,3109,49.99
208,2013/2/22 16:58,3297,3297,49.99
209,2013/2/26 16:19,3199,3199,49.99
210,2013/2/27 2:11,3118,3118,49.99
211,2013/2/27 15:03,3355,3355,49.99
212,2013/2/28 1:47,3178,3178,49.99
213,2013/2/28 3:34,3380,3380,49.99
214,2013/3/2 2:09,3306,3306,49.99
215,2013/3/2 2:13,3396,3396,49.99
216,2013/3/4 2:16,3313,3313,49.99
217,2013/3/5 3:49,3487,3487,49.99
218,2013/3/5 5:29,3373,3373,49.99
219,2013/3/5 9:12,3425,3425,49.99
220,2013/3/6 5:10,3400,3400,49.99
221,2013/3/6 7:46,3316,3316,49.99
222,2013/3/7 21:42,3452,3452,49.99
223,2013/3/8 12:47,3524,3524,49.99
224,2013/3/8 22:58,3517,3517,49.99
225,2013/3/10 19:23,3417,3417,49.99
226,2013/3/17 21:26,3499,3499,59.99
227,2013/3/19 7:16,3607,3607,49.99
228,2013/3/19 9:49,3573,3573,49.99
229,2013/3/20 7:28,3563,3563,59.99
230,2013/3/21 11:20,3585,3585,49.99
231,2013/3/22 13:12,3549,3549,49.99
232,2013/3/24 9:17,3633,3633,49.99
233,2013/3/26 3:39,3632,3632,49.99
234,2013/3/31 17:52,3806,3806,49.99
235,2013/4/2 12:23,3713,3713,49.99
236,2013/4/3 19:46,3769,3769,49.99
237,2013/4/4 8:41,3764,3764,49.99
238,2013/4/5 6:08,3807,3807,49.99
239,2013/4/6 17:10,3757,3757,49.99
240,2013/4/7 8:38,3814,3814,49.99
241,2013/4/8 12:42,3798,3798,59.99
242,2013/4/8 18:35,3856,3856,49.99
243,2013/4/10 4:56,3811,3811,49.99
244,2013/4/10 7:44,3953,3953,49.99
245,2013/4/12 7:36,3866,3866,49.99
246,2013/4/17 5:01,4033,4033,49.99
247,2013/4/17 14:45,3933,3933,49.99
248,2013/4/18 10:28,4114,4114,49.99
249,2013/4/19 2:21,4112,4112,49.99
250,2013/4/19 22:59,3989,3989,49.99
251,2013/4/20 2:52,4182,4182,49.99
252,2013/4/20 6:55,4045,4045,49.99
253,2013/4/20 13:19,4005,4005,49.99
254,2013/4/20 17:04,4001,4001,49.99
255,2013/4/21 9:43,4065,4065,49.99
256,2013/4/22 8:05,4037,4037,49.99
257,2013/4/23 12:58,3993,3993,49.99
258,2013/5/2 4:42,4222,4222,49.99
259,2013/5/3 15:55,4304,4304,59.99
260,2013/5/4 0:28,4396,4396,49.99
261,2013/5/4 18:05,4344,4344,49.99
262,2013/5/5 1:01,4257,4257,49.99
263,2013/5/7 2:38,4438,4438,49.99
264,2013/5/9 17:34,4420,4420,49.99
265,2013/5/10 3:35,4444,4444,49.99
266,2013/5/10 10:03,4507,4507,49.99
267,2013/5/11 0:13,4310,4310,49.99
268,2013/5/14 1:51,4494,4494,49.99
269,2013/5/15 17:04,4543,4543,49.99
270,2013/5/15 18:18,4590,4590,49.99
271,2013/5/16 7:19,4423,4423,49.99
272,2013/5/18 17:57,4696,4696,49.99
273,2013/5/18 20:00,4564,4564,49.99
274,2013/5/19 10:55,4610,4610,49.99
275,2013/5/19 20:13,4608,4608,49.99
276,2013/5/19 20:40,4576,4576,49.99
277,2013/5/20 13:06,4710,4710,49.99
278,2013/5/21 23:59,4611,4611,49.99
279,2013/5/23 14:00,4654,4654,49.99
280,2013/5/23 17:27,4620,4620,49.99
281,2013/5/26 23:35,4679,4679,59.99
282,2013/5/27 9:45,4793,4793,49.99
283,2013/5/27 21:46,4706,4706,49.99
284,2013/5/28 5:44,4726,4726,49.99
285,2013/5/28 10:43,4825,4825,49.99
286,2013/5/28 22:10,4680,4680,49.99
287,2013/5/29 0:40,4760,4760,59.99
288,2013/5/31 18:17,4758,4758,49.99
289,2013/6/3 23:06,4989,4989,49.99
290,2013/6/4 6:54,4915,4915,49.99
291,2013/6/4 14:12,4900,4900,49.99
292,2013/6/4 20:48,4807,4807,49.99
293,2013/6/7 10:18,4874,4874,49.99
294,2013/6/7 19:37,4879,4879,49.99
295,2013/6/8 21:55,5100,5100,49.99
296,2013/6/8 23:33,5095,5095,49.99
297,2013/6/9 3:43,5051,5051,49.99
298,2013/6/9 13:24,4993,4993,49.99
299,2013/6/9 17:42,4953,4953,49.99
300,2013/6/11 1:06,4907,4907,49.99
301,2013/6/11 3:12,5023,5023,49.99
302,2013/6/11 21:45,5134,5134,49.99
303,2013/6/13 12:18,4912,4912,49.99
304,2013/6/17 23:10,5007,5007,59.99
305,2013/6/18 6:57,5082,5082,49.99
306,2013/6/18 12:08,5257,5257,59.99
307,2013/6/18 21:43,5145,5145,49.99
308,2013/6/19 11:47,5128,5128,49.99
309,2013/6/19 14:16,5113,5113,49.99
310,2013/6/20 1:37,5168,5168,49.99
311,2013/6/20 3:04,5263,5263,59.99
312,2013/6/20 11:43,5124,5124,49.99
313,2013/6/21 3:48,5289,5289,59.99
314,2013/6/22 15:45,5108,5108,49.99
315,2013/6/24 2:44,5262,5262,49.99
316,2013/6/24 15:52,5333,5333,49.99
317,2013/6/27 4:27,5422,5422,49.99
318,2013/6/27 4:52,5284,5284,49.99
319,2013/6/27 14:13,5346,5346,49.99
320,2013/6/27 17:50,5261,5261,49.99
321,2013/6/28 6:53,5386,5386,49.99
322,2013/6/28 23:54,5239,5239,59.99
323,2013/7/1 3:30,5387,5387,49.99
324,2013/7/1 5:03,5531,5531,49.99
325,2013/7/1 9:39,5523,5523,49.99
326,2013/7/2 0:22,5518,5518,49.99
327,2013/7/3 10:54,5412,5412,49.99
328,2013/7/3 13:20,5565,5565,49.99
329,2013/7/3 13:41,5323,5323,49.99
330,2013/7/3 15:47,5390,5390,49.99
331,2013/7/3 18:05,5462,5462,49.99
332,2013/7/4 2:35,5408,5408,49.99
333,2013/7/5 1:53,5430,5430,49.99
334,2013/7/6 8:00,5474,5474,49.99
335,2013/7/7 2:47,5496,5496,49.99
336,2013/7/7 12:52,5569,5569,49.99
337,2013/7/7 14:19,5405,5405,49.99
338,2013/7/7 14:20,5586,5586,49.99
339,2013/7/8 3:47,5574,5574,49.99
340,2013/7/8 13:37,5616,5616,49.99
341,2013/7/9 4:00,5451,5451,49.99
342,2013/7/9 6:03,5635,5635,49.99
343,2013/7/11 8:00,5631,5631,49.99
344,2013/7/11 15:40,5663,5663,49.99
345,2013/7/12 7:03,5700,5700,49.99
346,2013/7/12 21:00,5712,5712,49.99
347,2013/7/13 9:03,5607,5607,49.99
348,2013/7/14 8:59,5576,5576,49.99
349,2013/7/14 13:17,5683,5683,49.99
350,2013/7/15 19:22,5746,5746,49.99
351,2013/7/16 7:11,5578,5578,49.99
352,2013/7/18 22:37,5843,5843,49.99
353,2013/7/21 1:03,5650,5650,49.99
354,2013/7/22 0:53,5696,5696,49.99
355,2013/7/22 13:38,5750,5750,59.99
356,2013/7/22 16:36,5906,5906,49.99
357,2013/7/23 0:18,5847,5847,59.99
358,2013/7/25 9:25,5863,5863,49.99
359,2013/7/25 12:16,5802,5802,49.99
360,2013/7/25 12:44,5855,5855,49.99
361,2013/7/26 7:06,5799,5799,49.99
362,2013/7/27 6:08,6031,6031,49.99
363,2013/7/27 23:29,5914,5914,49.99
364,2013/7/28 22:35,5865,5865,49.99
365,2013/7/29 14:16,5938,5938,49.99
366,2013/7/29 22:14,5946,5946,49.99
367,2013/7/31 17:11,6074,6074,49.99
368,2013/8/1 13:54,6047,6047,49.99
369,2013/8/2 14:28,6158,6158,49.99
370,2013/8/5 3:29,6054,6054,49.99
371,2013/8/5 6:30,5933,5933,49.99
372,2013/8/6 15:56,5993,5993,59.99
373,2013/8/6 23:05,6052,6052,49.99
374,2013/8/7 3:10,6139,6139,49.99
375,2013/8/7 17:43,6195,6195,49.99
376,2013/8/7 18:48,6075,6075,49.99
377,2013/8/8 1:45,6059,6059,49.99
378,2013/8/8 5:48,6008,6008,49.99
379,2013/8/9 2:05,6269,6269,49.99
380,2013/8/9 18:01,6110,6110,49.99
381,2013/8/11 8:49,6226,6226,49.99
382,2013/8/11 21:31,6247,6247,49.99
383,2013/8/12 11:23,6251,6251,49.99
384,2013/8/13 19:22,6324,6324,49.99
385,2013/8/13 19:29,6103,6103,49.99
386,2013/8/14 20:55,6173,6173,49.99
387,2013/8/16 18:07,6215,6215,49.99
388,2013/8/17 11:59,6244,6244,49.99
389,2013/8/18 14:43,6395,6395,59.99
390,2013/8/19 0:45,6387,6387,49.99
391,2013/8/19 6:11,6259,6259,49.99
392,2013/8/19 10:30,6273,6273,49.99
393,2013/8/19 20:05,6421,6421,49.99
394,2013/8/20 1:34,6302,6302,49.99
395,2013/8/23 11:30,6355,6355,49.99
396,2013/8/23 20:08,6432,6432,49.99
397,2013/8/25 14:35,6528,6528,49.99
398,2013/8/25 18:27,6465,6465,49.99
399,2013/8/26 18:26,6461,6461,49.99
400,2013/8/27 7:05,6634,6634,49.99
401,2013/8/29 4:21,6451,6451,49.99
402,2013/8/29 12:26,6526,6526,49.99
403,2013/9/1 4:47,6504,6504,49.99
404,2013/9/2 21:26,6589,6589,49.99
405,2013/9/3 11:29,6627,6627,49.99
406,2013/9/7 8:56,6758,6758,49.99
407,2013/9/8 6:13,6721,6721,49.99
408,2013/9/10 12:36,6805,6805,49.99
409,2013/9/11 3:49,6743,6743,49.99
410,2013/9/11 23:05,6882,6882,49.99
411,2013/9/12 2:42,6899,6899,49.99
412,2013/9/13 18:33,6943,6943,49.99
413,2013/9/14 1:52,6750,6750,49.99
414,2013/9/16 20:39,6940,6940,49.99
415,2013/9/16 22:24,6825,6825,49.99
416,2013/9/17 16:28,6865,6865,49.99
417,2013/9/17 20:47,7009,7009,49.99
418,2013/9/18 13:29,6991,6991,49.99
419,2013/9/19 18:39,7035,7035,49.99
420,2013/9/20 14:30,6947,6947,49.99
421,2013/9/21 22:18,6952,6952,49.99
422,2013/9/22 23:10,6981,6981,49.99
423,2013/9/23 3:03,6999,6999,49.99
424,2013/9/25 5:22,7154,7154,49.99
425,2013/9/26 20:43,7250,7250,49.99
426,2013/9/30 1:36,7077,7077,49.99
427,2013/10/2 3:32,7230,7230,49.99
428,2013/10/2 19:43,7354,7351,59.99
429,2013/10/4 22:30,7164,7164,49.99
430,2013/10/4 23:06,7192,7192,49.99
431,2013/10/6 4:31,7480,7473,49.99
432,2013/10/6 22:07,7512,7503,49.99
433,2013/10/7 4:37,7259,7259,49.99
434,2013/10/8 21:41,7323,7320,49.99
435,2013/10/9 13:13,7308,7306,49.99
436,2013/10/11 5:30,7533,7522,49.99
437,2013/10/14 23:30,7582,7567,59.99
438,2013/10/15 0:17,7502,7493,49.99
439,2013/10/19 11:41,7741,7718,49.99
440,2013/10/21 16:51,7736,7713,49.99
441,2013/10/22 18:03,7636,7616,49.99
442,2013/10/23 14:51,7889,7863,49.99
443,2013/10/24 9:28,7598,7582,49.99
444,2013/10/26 6:25,7667,7647,49.99
445,2013/10/28 10:54,8014,7984,49.99
446,2013/11/1 16:52,7847,7821,49.99
447,2013/11/1 17:19,7877,7851,59.99
448,2013/11/2 10:20,7945,7916,49.99
449,2013/11/3 19:47,8101,8069,49.99
450,2013/11/5 16:01,8164,8128,49.99
451,2013/11/6 18:24,8041,8011,49.99
452,2013/11/7 5:48,7939,7910,49.99
453,2013/11/7 6:57,8049,8019,49.99
454,2013/11/13 22:31,8270,8232,49.99
455,2013/11/15 2:25,8287,8248,49.99
456,2013/11/22 9:14,8530,8481,49.99
457,2013/11/22 13:33,8521,8472,49.99
458,2013/11/24 9:50,8578,8527,49.99
459,2013/11/25 15:12,8359,8319,59.99
460,2013/11/25 19:05,8657,8604,49.99
461,2013/11/27 7:35,8637,8586,49.99
462,2013/11/27 18:59,8602,8551,49.99
463,2013/11/28 1:44,8703,8647,59.99
464,2013/12/1 8:03,8783,8722,49.99
465,2013/12/1 17:57,8732,8674,49.99
466,2013/12/2 4:41,8729,8671,49.99
467,2013/12/3 5:30,9052,8979,49.99
468,2013/12/3 14:51,8737,8678,49.99
469,2013/12/4 14:42,8911,8843,49.99
470,2013/12/5 9:22,8675,8622,59.99
471,2013/12/6 19:16,9086,9010,49.99
472,2013/12/7 4:38,8856,8789,49.99
473,2013/12/7 11:04,8836,8770,49.99
474,2013/12/8 7:14,8935,8867,49.99
475,2013/12/8 7:28,8967,8896,59.99
476,2013/12/9 20:11,8957,8887,49.99
477,2013/12/10 1:44,8929,8861,49.99
478,2013/12/10 11:08,8978,8906,49.99
479,2013/12/10 15:51,8997,8925,49.99
480,2013/12/10 20:42,9069,8996,49.99
481,2013/12/11 3:20,9181,9103,59.99
482,2013/12/11 13:27,8992,8920,49.99
483,2013/12/12 13:14,9378,9297,49.99
484,2013/12/13 10:50,8915,8847,49.99
485,2013/12/13 19:03,9386,9304,59.99
486,2013/12/14 3:53,9344,9264,49.99
487,2013/12/14 15:33,8849,8782,49.99
488,2013/12/16 11:50,9407,9324,59.99
489,2013/12/16 14:51,9359,9278,49.99
490,2013/12/17 22:11,9550,9456,45.99
491,2013/12/18 20:11,9324,9244,49.99
492,2013/12/19 21:50,9406,9324,49.99
493,2013/12/20 8:33,9443,9356,49.99
494,2013/12/22 3:33,9753,9637,45.99
495,2013/12/22 20:59,9705,9593,49.99
496,2013/12/23 7:35,9831,9708,49.99
497,2013/12/23 8:06,9632,9530,49.99
498,2013/12/23 14:07,9717,9604,49.99
499,2013/12/24 22:26,9413,9330,49.99
500,2013/12/26 21:12,9662,9557,49.99
501,2013/12/27 7:23,9668,9562,49.99
502,2013/12/27 9:07,9844,9720,45.99
503,2013/12/27 20:01,9508,9417,45.99
504,2013/12/28 22:25,9752,9636,49.99
505,2013/12/29 4:25,9658,9553,45.99
506,2013/12/30 11:01,9886,9759,45.99
507,2013/12/31 14:12,9821,9700,49.99
508,2013/12/31 22:38,9611,9512,49.99
509,2014/1/3 0:42,9971,9838,59.99
510,2014/1/3 22:46,10104,9949,45.99
511,2014/1/5 0:43,10075,9925,45.99
512,2014/1/6 7:13,10047,9903,45.99
513,2014/1/6 10:30,10274,10098,49.99
514,2014/1/7 5:19,9891,9763,45.99
515,2014/1/7 12:18,10068,9919,49.99
516,2014/1/8 17:28,10285,10109,49.99
517,2014/1/9 14:13,10207,10041,45.99
518,2014/1/12 19:15,10321,10143,59.99
519,2014/1/14 18:19,10509,10309,45.99
520,2014/1/14 19:40,10430,10241,59.99
521,2014/1/15 20:06,10330,10151,45.99
522,2014/1/16 1:14,10604,10395,45.99
523,2014/1/17 1:59,10540,10335,45.99
524,2014/1/17 6:59,10301,10124,49.99
525,2014/1/17 17:53,10334,10155,49.99
526,2014/1/19 8:22,10699,10478,45.99
527,2014/1/20 6:39,10577,10371,49.99
528,2014/1/20 18:13,10373,10191,49.99
529,2014/1/21 2:43,10503,10304,49.99
530,2014/1/21 17:37,10707,10486,49.99
531,2014/1/22 20:04,10771,10540,49.99
532,2014/1/22 20:47,10385,10202,45.99
533,2014/1/23 6:10,10671,10454,49.99
534,2014/1/23 6:59,10669,10453,49.99
535,2014/1/25 12:11,10820,10582,45.99
536,2014/1/25 19:50,10513,10312,49.99
537,2014/1/27 21:08,10690,10470,59.99
538,2014/1/28 9:57,10977,10719,49.99
539,2014/1/28 13:22,10673,10456,49.99
540,2014/1/28 22:50,10854,10610,45.99
541,2014/1/29 13:24,10653,10439,49.99
542,2014/1/30 4:06,10624,10413,49.99
543,2014/1/30 10:46,10618,10408,59.99
544,2014/1/31 10:37,10859,10615,49.99
545,2014/2/1 3:08,10792,10558,49.99
546,2014/2/1 3:22,10721,10497,49.99
547,2014/2/2 0:25,10949,10693,49.99
548,2014/2/2 5:38,10786,10553,49.99
549,2014/2/2 12:30,10746,10519,49.99
550,2014/2/2 21:05,10934,10678,45.99
551,2014/2/3 12:01,10851,10607,49.99
552,2014/2/4 13:36,10994,10736,49.99
553,2014/2/5 6:19,10965,10707,49.99
554,2014/2/5 10:56,11162,10885,49.99
555,2014/2/5 16:23,11368,11062,49.99
556,2014/2/6 4:08,11313,11018,49.99
557,2014/2/6 12:15,11030,10769,49.99
558,2014/2/7 2:50,11110,10839,45.99
559,2014/2/8 22:50,11418,11106,49.99
560,2014/2/9 1:42,11153,10877,49.99
561,2014/2/9 6:23,11155,10878,49.99
562,2014/2/9 8:01,11554,11208,45.99
563,2014/2/10 5:50,11525,11188,49.99
564,2014/2/10 7:35,11455,11139,49.99
565,2014/2/10 20:08,11199,10917,45.99
566,2014/2/11 17:13,11272,10983,49.99
567,2014/2/12 1:32,11144,10869,45.99
568,2014/2/12 3:28,11393,11084,45.99
569,2014/2/14 8:29,11184,10904,49.99
570,2014/2/14 9:10,11482,11157,45.99
571,2014/2/14 9:38,11439,11124,49.99
572,2014/2/14 17:13,11758,11367,59.99
573,2014/2/14 17:59,11788,11390,45.99
574,2014/2/15 14:12,11550,11206,45.99
575,2014/2/15 21:54,11600,11244,49.99
576,2014/2/17 22:42,11493,11165,29.99
577,2014/2/18 20:53,11557,11211,49.99
578,2014/2/20 14:42,11944,11511,45.99
579,2014/2/22 9:50,12144,11658,49.99
580,2014/2/22 18:45,12068,11603,49.99
581,2014/2/23 12:02,11629,11265,59.99
582,2014/2/23 16:11,12174,11680,49.99
583,2014/2/24 0:08,12330,11787,45.99
584,2014/2/24 8:18,11825,11419,59.99
585,2014/2/24 13:55,11955,11522,59.99
586,2014/2/25 19:36,11778,11382,59.99
587,2014/2/26 13:26,12044,11588,49.99
588,2014/2/26 15:13,12097,11626,49.99
589,2014/2/26 17:19,12320,11780,45.99
590,2014/2/27 9:25,12444,11877,49.99
591,2014/2/27 14:34,12175,11681,45.99
592,2014/2/28 2:31,12373,11822,49.99
593,2014/2/28 21:22,12438,11873,45.99
594,2014/3/1 10:59,11974,11535,59.99
595,2014/3/1 13:21,12122,11643,45.99
596,2014/3/1 20:14,12430,11866,29.99
597,2014/3/2 2:18,12035,11582,49.99
598,2014/3/2 20:08,12359,11811,45.99
599,2014/3/2 20:33,12406,11848,49.99
600,2014/3/3 23:49,12135,11652,49.99
601,2014/3/4 19:59,12287,11760,45.99
602,2014/3/5 11:49,12608,11999,49.99
603,2014/3/8 0:37,12744,12101,49.99
604,2014/3/8 1:13,12737,12095,49.99
605,2014/3/9 5:12,12761,12115,45.99
606,2014/3/9 6:52,12403,11845,49.99
607,2014/3/9 19:25,12544,11951,49.99
608,2014/3/11 4:40,12531,11941,49.99
609,2014/3/13 3:24,12591,11987,49.99
610,2014/3/13 3:26,12738,12096,49.99
611,2014/3/14 14:28,12560,11964,45.99
612,2014/3/15 4:16,13175,12436,49.99
613,2014/3/15 9:09,12869,12198,49.99
614,2014/3/16 10:27,12724,12085,49.99
615,2014/3/16 15:24,12844,12179,59.99
616,2014/3/17 18:34,13224,12470,49.99
617,2014/3/18 1:20,13251,12491,45.99
618,2014/3/18 12:58,12902,12225,45.99
619,2014/3/19 19:06,13003,12295,49.99
620,2014/3/20 4:50,12970,12273,45.99
621,2014/3/20 10:40,13150,12414,49.99
622,2014/3/21 2:37,13405,12601,49.99
623,2014/3/22 21:17,13530,12694,45.99
624,2014/3/23 13:10,12960,12267,45.99
625,2014/3/23 22:27,13165,12428,49.99
626,2014/3/24 15:46,13651,12783,49.99
627,2014/3/24 20:15,13259,12497,45.99
628,2014/3/25 6:33,13108,12377,49.99
629,2014/3/25 18:40,13230,12474,29.99
630,2014/3/26 2:11,13669,12798,49.99
631,2014/3/26 9:52,13542,12704,49.99
632,2014/3/26 14:46,13508,12677,45.99
633,2014/3/27 12:38,13343,12553,59.99
634,2014/3/28 11:16,13606,12749,45.99
635,2014/3/28 12:21,13438,12626,45.99
636,2014/3/28 13:07,13400,12596,49.99
637,2014/3/29 14:27,13817,12905,49.99
638,2014/3/30 22:35,13452,12637,49.99
639,2014/4/1 11:14,13903,12967,45.99
640,2014/4/2 3:44,13904,12968,45.99
641,2014/4/2 10:48,13458,12640,49.99
642,2014/4/2 21:25,13769,12868,45.99
643,2014/4/4 4:14,13855,12932,45.99
644,2014/4/4 4:48,13766,12866,49.99
645,2014/4/4 13:08,13956,13006,45.99
646,2014/4/4 18:11,13983,13028,45.99
647,2014/4/5 4:16,13962,13011,49.99
648,2014/4/5 18:00,13939,12994,49.99
649,2014/4/6 17:59,13798,12891,45.99
650,2014/4/7 13:50,14161,13162,49.99
651,2014/4/8 5:13,13934,12989,49.99
652,2014/4/9 21:50,14244,13227,49.99
653,2014/4/10 4:04,14320,13285,49.99
654,2014/4/10 7:27,14331,13293,49.99
655,2014/4/11 7:40,13883,12951,59.99
656,2014/4/11 8:27,14397,13339,45.99
657,2014/4/11 10:24,14216,13206,49.99
658,2014/4/12 5:30,13964,13012,49.99
659,2014/4/13 4:59,14429,13361,49.99
660,2014/4/13 6:48,14175,13172,49.99
661,2014/4/13 19:40,14377,13324,49.99
662,2014/4/16 0:44,14160,13161,49.99
663,2014/4/17 15:06,14610,13503,49.99
664,2014/4/18 4:58,14798,13640,49.99
665,2014/4/18 14:31,14407,13345,49.99
666,2014/4/19 2:35,14803,13644,49.99
667,2014/4/19 8:20,14466,13389,49.99
668,2014/4/19 12:23,14432,13363,49.99
669,2014/4/20 12:19,14721,13586,45.99
670,2014/4/20 13:12,14444,13372,49.99
671,2014/4/20 15:16,14985,13785,49.99
672,2014/4/21 2:44,14591,13489,45.99
673,2014/4/21 12:36,14427,13360,49.99
674,2014/4/21 19:09,14920,13737,45.99
675,2014/4/22 7:02,14975,13778,49.99
676,2014/4/22 7:08,15005,13798,49.99
677,2014/4/22 15:39,14785,13630,45.99
678,2014/4/23 3:12,14832,13667,45.99
679,2014/4/24 2:49,14766,13618,45.99
680,2014/4/24 4:28,15133,13889,59.99
681,2014/4/24 20:20,14554,13458,49.99
682,2014/4/25 7:19,15207,13946,45.99
683,2014/4/25 13:14,14628,13516,45.99
684,2014/4/25 18:29,14838,13672,49.99
685,2014/4/26 12:10,15115,13875,49.99
686,2014/4/27 5:43,14855,13687,49.99
687,2014/4/27 9:17,15256,13986,45.99
688,2014/4/27 14:23,14851,13683,49.99
689,2014/4/28 22:56,14742,13602,49.99
690,2014/4/29 0:42,15353,14054,49.99
691,2014/4/29 9:55,14996,13792,59.99
692,2014/4/29 10:32,15391,14081,45.99
693,2014/4/30 19:04,14771,13622,49.99
694,2014/5/1 0:31,15140,13894,45.99
695,2014/5/1 18:03,15188,13930,49.99
696,2014/5/2 16:55,14946,13756,45.99
697,2014/5/3 3:09,15108,13871,49.99
698,2014/5/4 7:02,15811,14392,49.99
699,2014/5/4 7:32,15518,14172,29.99
700,2014/5/4 15:54,15255,13985,59.99
701,2014/5/5 3:44,15848,14419,45.99
702,2014/5/5 13:42,15266,13994,29.99
703,2014/5/6 20:02,15399,14086,49.99
704,2014/5/7 3:07,15377,14070,45.99
705,2014/5/7 6:43,15926,14476,45.99
706,2014/5/8 15:13,15482,14146,29.99
707,2014/5/8 16:54,15571,14213,45.99
708,2014/5/9 1:36,15703,14314,45.99
709,2014/5/9 5:29,15508,14165,45.99
710,2014/5/9 9:10,15709,14317,59.99
711,2014/5/9 17:22,15833,14408,45.99
712,2014/5/10 3:34,15630,14260,45.99
713,2014/5/10 5:46,16082,14585,29.99
714,2014/5/11 9:55,15462,14131,29.99
715,2014/5/12 18:25,15924,14475,49.99
716,2014/5/13 8:24,15593,14230,49.99
717,2014/5/13 9:57,16030,14547,45.99
718,2014/5/13 20:01,16020,14542,49.99
719,2014/5/13 21:20,15824,14401,45.99
720,2014/5/14 14:17,15853,14423,45.99
721,2014/5/15 12:39,16235,14697,45.99
722,2014/5/16 5:06,15843,14416,45.99
723,2014/5/17 8:41,16056,14566,49.99
724,2014/5/17 18:23,16173,14653,45.99
725,2014/5/18 7:29,16633,14989,49.99
726,2014/5/19 2:24,16418,14830,49.99
727,2014/5/20 5:11,15974,14507,49.99
728,2014/5/20 13:49,16565,14936,49.99
729,2014/5/20 15:26,16416,14828,45.99
730,2014/5/20 19:49,16329,14766,45.99
731,2014/5/21 11:40,16304,14747,59.99
732,2014/5/22 13:59,16062,14570,49.99
733,2014/5/23 2:39,16414,14827,49.99
734,2014/5/23 22:34,16618,14975,49.99
735,2014/5/24 8:40,16257,14715,49.99
736,2014/5/24 9:37,16627,14984,49.99
737,2014/5/24 23:31,17110,15338,49.99
738,2014/5/26 6:35,16378,14801,49.99
739,2014/5/27 16:57,16851,15148,49.99
740,2014/5/28 19:36,16641,14993,45.99
741,2014/5/29 10:00,16690,15033,45.99
742,2014/5/29 14:11,16670,15016,49.99
743,2014/5/30 2:21,17234,15436,59.99
744,2014/5/31 12:25,17089,15323,45.99
745,2014/6/1 20:34,17214,15419,59.99
746,2014/6/1 20:47,17273,15465,45.99
747,2014/6/2 0:36,17132,15353,29.99
748,2014/6/2 2:10,17360,15523,49.99
749,2014/6/2 12:30,16879,15166,45.99
750,2014/6/3 5:15,16962,15229,49.99
751,2014/6/3 13:09,17620,15715,49.99
752,2014/6/3 18:50,16956,15224,49.99
753,2014/6/3 22:15,17510,15633,45.99
754,2014/6/4 18:41,17459,15596,49.99
755,2014/6/4 21:04,17173,15388,49.99
756,2014/6/5 3:52,17265,15458,59.99
757,2014/6/6 3:59,17642,15732,49.99
758,2014/6/6 15:51,17482,15613,49.99
759,2014/6/7 10:20,17750,15810,59.99
760,2014/6/8 9:58,17601,15702,49.99
761,2014/6/8 20:39,17881,15908,49.99
762,2014/6/9 0:25,17857,15890,49.99
763,2014/6/9 1:51,17385,15539,49.99
764,2014/6/9 2:00,17209,15415,49.99
765,2014/6/9 18:47,17419,15565,49.99
766,2014/6/10 0:33,17938,15946,49.99
767,2014/6/10 3:34,17403,15555,49.99
768,2014/6/10 4:55,17354,15519,49.99
769,2014/6/10 18:38,17829,15870,49.99
770,2014/6/11 23:40,17751,15811,49.99
771,2014/6/12 9:32,17619,15714,45.99
772,2014/6/12 17:43,18032,16015,45.99
773,2014/6/13 1:00,17554,15668,49.99
774,2014/6/13 14:15,18080,16053,49.99
775,2014/6/14 8:51,17845,15879,49.99
776,2014/6/14 15:16,17672,15752,59.99
777,2014/6/14 18:36,18019,16005,49.99
778,2014/6/16 2:19,18320,16227,29.99
779,2014/6/16 14:30,18110,16073,29.99
780,2014/6/16 17:06,17848,15882,49.99
781,2014/6/17 12:08,18271,16192,49.99
782,2014/6/17 19:52,18288,16204,49.99
783,2014/6/17 19:57,17755,15814,45.99
784,2014/6/18 1:58,18146,16101,49.99
785,2014/6/18 9:26,18415,16302,49.99
786,2014/6/18 23:05,17856,15889,49.99
787,2014/6/19 3:20,18070,16045,29.99
788,2014/6/19 11:33,18375,16274,49.99
789,2014/6/19 13:09,18327,16233,49.99
790,2014/6/19 15:08,18053,16033,49.99
791,2014/6/20 2:10,18573,16422,49.99
792,2014/6/20 8:52,17828,15869,45.99
793,2014/6/20 14:18,18419,16305,49.99
794,2014/6/21 10:52,18301,16215,49.99
795,2014/6/21 17:18,18389,16284,29.99
796,2014/6/22 12:11,18049,16029,45.99
797,2014/6/22 12:41,18100,16067,49.99
798,2014/6/22 14:53,18698,16514,49.99
799,2014/6/23 2:15,18267,16189,49.99
800,2014/6/23 6:51,18609,16445,45.99
801,2014/6/23 10:37,18090,16060,59.99
802,2014/6/24 17:14,18312,16223,49.99
803,2014/6/24 23:12,18072,16047,49.99
804,2014/6/25 13:51,18686,16503,49.99
805,2014/6/25 22:20,18847,16628,45.99
806,2014/6/27 4:13,18226,16160,45.99
807,2014/6/27 6:57,18599,16438,59.99
808,2014/6/28 7:36,18713,16526,59.99
809,2014/6/29 2:03,18804,16596,45.99
810,2014/6/29 16:50,18542,16398,49.99
811,2014/6/29 21:40,19138,16836,45.99
812,2014/6/30 4:33,18720,16531,49.99
813,2014/6/30 18:02,18602,16440,59.99
814,2014/7/1 9:38,19100,16814,49.99
815,2014/7/1 16:06,18532,16392,49.99
816,2014/7/1 21:18,18903,16671,45.99
817,2014/7/2 3:28,18658,16481,49.99
818,2014/7/2 13:44,18786,16582,45.99
819,2014/7/2 14:22,18578,16425,49.99
820,2014/7/2 15:55,18954,16704,49.99
821,2014/7/4 4:13,19097,16811,59.99
822,2014/7/4 5:57,19235,16908,49.99
823,2014/7/4 6:55,19318,16971,49.99
824,2014/7/4 13:49,19052,16781,49.99
825,2014/7/4 23:55,19213,16890,29.99
826,2014/7/5 0:06,19268,16936,45.99
827,2014/7/6 0:14,18719,16530,49.99
828,2014/7/6 2:38,19335,16984,49.99
829,2014/7/6 5:18,19076,16796,29.99
830,2014/7/6 5:49,18777,16577,49.99
831,2014/7/6 7:22,18849,16630,49.99
832,2014/7/6 8:10,18826,16613,59.99
833,2014/7/6 13:12,18922,16684,45.99
834,2014/7/6 15:52,18889,16660,49.99
835,2014/7/7 4:46,19025,16761,49.99
836,2014/7/7 4:56,19336,16985,49.99
837,2014/7/7 8:06,19220,16896,49.99
838,2014/7/7 15:51,19216,16893,49.99
839,2014/7/8 9:44,18994,16738,45.99
840,2014/7/9 0:44,19103,16816,49.99
841,2014/7/9 2:34,19529,17127,29.99
842,2014/7/9 14:34,19206,16885,45.99
843,2014/7/10 13:01,19029,16764,49.99
844,2014/7/11 10:48,19232,16905,59.99
845,2014/7/11 11:34,19606,17189,49.99
846,2014/7/11 23:36,19272,16939,49.99
847,2014/7/12 0:17,19433,17058,59.99
848,2014/7/12 7:42,19558,17150,49.99
849,2014/7/12 14:29,19251,16921,49.99
850,2014/7/12 19:13,19451,17070,45.99
851,2014/7/13 6:35,19174,16862,49.99
852,2014/7/13 16:28,19140,16838,49.99
853,2014/7/14 1:41,19342,16990,49.99
854,2014/7/14 4:09,19281,16944,49.99
855,2014/7/14 11:37,19728,17280,49.99
856,2014/7/14 20:51,19822,17349,49.99
857,2014/7/15 19:26,19332,16981,45.99
858,2014/7/16 4:20,19858,17375,49.99
859,2014/7/16 21:44,19347,16994,59.99
860,2014/7/17 8:28,20036,17508,49.99
861,2014/7/17 13:25,19981,17467,49.99
862,2014/7/18 0:05,19866,17381,29.99
863,2014/7/18 17:34,20132,17575,49.99
864,2014/7/19 9:33,19831,17355,59.99
865,2014/7/19 15:34,20189,17614,49.99
866,2014/7/19 21:00,19942,17437,49.99
867,2014/7/21 4:57,19684,17246,45.99
868,2014/7/21 21:47,19635,17211,49.99
869,2014/7/21 23:16,20129,17573,49.99
870,2014/7/22 6:58,19671,17236,59.99
871,2014/7/23 5:12,20022,17498,59.99
872,2014/7/23 6:48,19811,17340,49.99
873,2014/7/23 10:04,20160,17596,45.99
874,2014/7/23 13:48,20210,17630,49.99
875,2014/7/23 23:07,20371,17755,45.99
876,2014/7/24 7:20,20380,17761,49.99
877,2014/7/24 14:37,20339,17730,49.99
878,2014/7/24 19:48,19797,17330,59.99
879,2014/7/25 14:12,20262,17674,29.99
880,2014/7/25 20:25,19848,17368,49.99
881,2014/7/26 17:17,20355,17743,49.99
882,2014/7/26 22:01,19933,17430,49.99
883,2014/7/27 11:36,20171,17603,49.99
884,2014/7/28 0:37,19919,17418,49.99
885,2014/7/28 11:48,20070,17530,45.99
886,2014/7/28 18:37,20116,17564,49.99
887,2014/7/28 19:26,20288,17693,49.99
888,2014/7/29 0:41,20439,17805,49.99
889,2014/7/29 3:12,20092,17547,49.99
890,2014/7/29 13:26,20374,17757,49.99
891,2014/7/30 5:50,20620,17934,45.99
892,2014/8/1 8:10,20645,17954,49.99
893,2014/8/2 4:13,20342,17733,45.99
894,2014/8/2 6:45,20425,17796,59.99
895,2014/8/2 15:13,20506,17855,49.99
896,2014/8/2 16:01,20276,17685,59.99
897,2014/8/2 23:55,20740,18022,49.99
898,2014/8/3 17:08,20469,17829,59.99
899,2014/8/4 2:54,21063,18259,49.99
900,2014/8/4 15:17,20316,17714,45.99
901,2014/8/5 16:23,20779,18051,49.99
902,2014/8/6 2:16,20773,18046,45.99
903,2014/8/6 6:30,20398,17776,29.99
904,2014/8/6 21:16,20607,17926,49.99
905,2014/8/7 6:08,20621,17935,49.99
906,2014/8/8 22:42,21221,18376,45.99
907,2014/8/9 20:04,20990,18205,49.99
908,2014/8/10 10:04,20973,18192,49.99
909,2014/8/11 12:49,21303,18438,45.99
910,2014/8/11 18:50,20876,18124,49.99
911,2014/8/12 3:12,21205,18364,49.99
912,2014/8/12 3:31,21103,18287,49.99
913,2014/8/12 8:38,21014,18222,49.99
914,2014/8/12 11:49,21349,18472,45.99
915,2014/8/12 19:19,21306,18441,49.99
916,2014/8/14 2:05,21084,18274,59.99
917,2014/8/14 2:46,21143,18319,45.99
918,2014/8/14 8:17,21025,18230,49.99
919,2014/8/14 21:53,21011,18219,49.99
920,2014/8/14 23:04,20991,18206,45.99
921,2014/8/15 3:49,21254,18402,49.99
922,2014/8/15 4:53,21223,18377,49.99
923,2014/8/15 23:29,21507,18592,49.99
924,2014/8/16 21:52,21421,18529,45.99
925,2014/8/16 22:57,21744,18767,49.99
926,2014/8/17 13:01,21714,18743,49.99
927,2014/8/20 9:20,21345,18470,49.99
928,2014/8/20 16:09,21882,18871,49.99
929,2014/8/20 20:03,21356,18478,45.99
930,2014/8/21 9:33,21276,18419,49.99
931,2014/8/21 22:03,21319,18451,49.99
932,2014/8/22 17:34,21639,18690,49.99
933,2014/8/23 0:56,22216,19116,49.99
934,2014/8/23 9:47,22133,19054,49.99
935,2014/8/23 10:17,22129,19050,49.99
936,2014/8/23 10:59,21423,18530,45.99
937,2014/8/23 11:30,22155,19070,49.99
938,2014/8/23 16:59,21829,18830,45.99
939,2014/8/23 18:23,22107,19032,49.99
940,2014/8/24 0:13,22123,19046,49.99
941,2014/8/24 2:19,22215,19115,49.99
942,2014/8/24 5:00,21855,18849,45.99
943,2014/8/24 14:52,22166,19078,49.99
944,2014/8/24 18:04,22169,19081,49.99
945,2014/8/24 19:31,22208,19110,49.99
946,2014/8/24 20:13,22247,19138,49.99
947,2014/8/24 21:29,21939,18915,45.99
948,2014/8/24 22:22,22118,19042,59.99
949,2014/8/25 3:05,22142,19060,49.99
950,2014/8/25 4:26,22267,19154,45.99
951,2014/8/25 6:58,21841,18839,49.99
952,2014/8/25 17:10,22201,19105,45.99
953,2014/8/25 17:52,22177,19086,45.99
954,2014/8/25 22:31,22336,19206,49.99
955,2014/8/25 23:05,22316,19191,49.99
956,2014/8/26 9:21,22117,19041,45.99
957,2014/8/26 20:07,21592,18657,59.99
958,2014/8/27 22:20,21876,18866,49.99
959,2014/8/28 19:54,22375,19237,49.99
960,2014/8/29 4:11,21889,18877,49.99
961,2014/8/29 8:14,22481,19313,45.99
962,2014/8/29 10:49,22270,19157,49.99
963,2014/8/29 13:15,22312,19188,49.99
964,2014/8/29 13:57,21794,18805,45.99
965,2014/8/29 18:39,22505,19329,49.99
966,2014/8/29 19:00,22356,19222,49.99
967,2014/8/29 19:20,22068,19005,49.99
968,2014/8/29 19:56,22167,19079,49.99
969,2014/8/29 22:09,22357,19223,49.99
970,2014/8/30 4:08,21887,18876,49.99
971,2014/8/30 8:11,22545,19358,45.99
972,2014/8/30 13:42,22388,19247,49.99
973,2014/8/30 18:14,22397,19254,49.99
974,2014/8/30 19:26,22330,19202,49.99
975,2014/8/30 22:08,22361,19226,49.99
976,2014/8/31 4:53,22560,19369,49.99
977,2014/8/31 5:36,21988,18951,49.99
978,2014/8/31 5:47,22371,19234,49.99
979,2014/8/31 8:14,22462,19300,49.99
980,2014/8/31 14:51,22680,19456,49.99
981,2014/8/31 17:01,22199,19104,49.99
982,2014/8/31 17:08,22648,19433,49.99
983,2014/8/31 22:08,22180,19089,49.99
984,2014/8/31 23:50,22292,19174,49.99
985,2014/9/1 3:54,22621,19412,49.99
986,2014/9/1 13:40,22087,19018,49.99
987,2014/9/1 14:38,22148,19064,49.99
988,2014/9/2 6:16,22784,19531,49.99
989,2014/9/2 16:13,22610,19403,49.99
990,2014/9/2 18:57,22442,19285,49.99
991,2014/9/2 21:25,22219,19118,49.99
992,2014/9/3 3:36,22437,19282,49.99
993,2014/9/3 3:41,22268,19155,49.99
994,2014/9/3 8:16,22699,19470,49.99
995,2014/9/3 8:48,22506,19330,49.99
996,2014/9/3 8:57,22586,19386,49.99
997,2014/9/3 9:31,22671,19449,49.99
998,2014/9/3 10:05,22807,19547,49.99
999,2014/9/3 10:09,22805,19545,45.99
1000,2014/9/3 11:09,22644,19429,49.99
