order_item_id,created_at,order_id,product_id,is_primary_item,price_usd,cogs_usd
1,"2012-03-19 10:42:46",1,1,1,49.99,19.49
2,"2012-03-19 19:27:37",2,1,1,49.99,19.49
3,"2012-03-20 06:44:45",3,1,1,49.99,19.49
4,"2012-03-20 09:41:45",4,1,1,49.99,19.49
5,"2012-03-20 11:28:15",5,1,1,49.99,19.49
6,"2012-03-20 16:12:47",6,1,1,49.99,19.49
7,"2012-03-20 17:03:41",7,1,1,49.99,19.49
8,"2012-03-20 23:35:27",8,1,1,49.99,19.49
9,"2012-03-21 02:35:01",9,1,1,49.99,19.49
10,"2012-03-21 06:45:58",10,1,1,49.99,19.49
11,"2012-03-21 07:28:02",11,1,1,49.99,19.49
12,"2012-03-21 08:21:33",12,1,1,49.99,19.49
13,"2012-03-21 08:45:32",13,1,1,49.99,19.49
14,"2012-03-21 09:12:05",14,1,1,49.99,19.49
15,"2012-03-21 16:40:06",15,1,1,49.99,19.49
16,"2012-03-21 17:13:05",16,1,1,49.99,19.49
17,"2012-03-21 20:28:11",17,1,1,49.99,19.49
18,"2012-03-22 06:15:33",18,1,1,49.99,19.49
19,"2012-03-22 10:03:49",19,1,1,49.99,19.49
20,"2012-03-22 17:49:57",20,1,1,49.99,19.49
21,"2012-03-22 20:33:40",21,1,1,49.99,19.49
22,"2012-03-23 12:09:46",22,1,1,49.99,19.49
23,"2012-03-23 14:16:23",23,1,1,49.99,19.49
24,"2012-03-23 17:14:48",24,1,1,49.99,19.49
25,"2012-03-24 09:21:40",25,1,1,49.99,19.49
26,"2012-03-25 08:32:41",26,1,1,49.99,19.49
27,"2012-03-25 08:51:27",27,1,1,49.99,19.49
28,"2012-03-25 16:00:12",28,1,1,49.99,19.49
29,"2012-03-25 21:23:16",29,1,1,49.99,19.49
30,"2012-03-26 10:03:39",30,1,1,49.99,19.49
31,"2012-03-26 10:25:44",31,1,1,49.99,19.49
32,"2012-03-26 14:13:56",32,1,1,49.99,19.49
33,"2012-03-26 16:00:19",33,1,1,49.99,19.49
34,"2012-03-26 17:55:25",34,1,1,49.99,19.49
35,"2012-03-26 18:06:39",35,1,1,49.99,19.49
36,"2012-03-26 18:54:41",36,1,1,49.99,19.49
37,"2012-03-26 19:19:25",37,1,1,49.99,19.49
38,"2012-03-26 21:13:07",38,1,1,49.99,19.49
39,"2012-03-27 15:18:43",39,1,1,49.99,19.49
40,"2012-03-27 16:53:30",40,1,1,49.99,19.49
41,"2012-03-28 08:30:06",41,1,1,49.99,19.49
42,"2012-03-28 09:56:58",42,1,1,49.99,19.49
43,"2012-03-28 16:55:52",43,1,1,49.99,19.49
44,"2012-03-28 21:24:10",44,1,1,49.99,19.49
45,"2012-03-28 22:45:52",45,1,1,49.99,19.49
46,"2012-03-29 16:11:05",46,1,1,49.99,19.49
47,"2012-03-29 17:49:07",47,1,1,49.99,19.49
48,"2012-03-29 23:09:30",48,1,1,49.99,19.49
49,"2012-03-30 00:25:18",49,1,1,49.99,19.49
50,"2012-03-30 02:27:35",50,1,1,49.99,19.49
51,"2012-03-30 10:06:25",51,1,1,49.99,19.49
52,"2012-03-30 10:24:06",52,1,1,49.99,19.49
53,"2012-03-30 12:47:30",53,1,1,49.99,19.49
54,"2012-03-30 14:26:49",54,1,1,49.99,19.49
55,"2012-03-30 14:39:09",55,1,1,49.99,19.49
56,"2012-03-31 00:22:18",56,1,1,49.99,19.49
57,"2012-03-31 02:32:43",57,1,1,49.99,19.49
58,"2012-03-31 06:40:10",58,1,1,49.99,19.49
59,"2012-03-31 10:25:39",59,1,1,49.99,19.49
60,"2012-03-31 19:24:33",60,1,1,49.99,19.49
61,"2012-04-01 06:45:11",61,1,1,49.99,19.49
62,"2012-04-01 12:38:27",62,1,1,49.99,19.49
63,"2012-04-01 17:33:26",63,1,1,49.99,19.49
64,"2012-04-01 18:26:19",64,1,1,49.99,19.49
65,"2012-04-02 11:07:48",65,1,1,49.99,19.49
66,"2012-04-02 16:32:15",66,1,1,49.99,19.49
67,"2012-04-02 17:17:42",67,1,1,49.99,19.49
68,"2012-04-02 18:36:27",68,1,1,49.99,19.49
69,"2012-04-03 10:29:20",69,1,1,49.99,19.49
70,"2012-04-03 11:53:36",70,1,1,49.99,19.49
71,"2012-04-03 15:03:48",71,1,1,49.99,19.49
72,"2012-04-03 16:31:50",72,1,1,49.99,19.49
73,"2012-04-03 16:36:02",73,1,1,49.99,19.49
74,"2012-04-03 19:09:43",74,1,1,49.99,19.49
75,"2012-04-04 07:47:38",75,1,1,49.99,19.49
76,"2012-04-04 11:13:55",76,1,1,49.99,19.49
77,"2012-04-04 11:34:52",77,1,1,49.99,19.49
78,"2012-04-04 18:21:44",78,1,1,49.99,19.49
79,"2012-04-04 19:00:06",79,1,1,49.99,19.49
80,"2012-04-05 10:34:00",80,1,1,49.99,19.49
81,"2012-04-05 13:15:34",81,1,1,49.99,19.49
82,"2012-04-05 20:11:27",82,1,1,49.99,19.49
83,"2012-04-06 04:04:23",83,1,1,49.99,19.49
84,"2012-04-06 12:16:39",84,1,1,49.99,19.49
85,"2012-04-06 17:13:09",85,1,1,49.99,19.49
86,"2012-04-06 22:48:48",86,1,1,49.99,19.49
87,"2012-04-07 04:47:20",87,1,1,49.99,19.49
88,"2012-04-07 16:15:03",88,1,1,49.99,19.49
89,"2012-04-07 16:55:38",89,1,1,49.99,19.49
90,"2012-04-08 02:25:16",90,1,1,49.99,19.49
91,"2012-04-08 05:52:53",91,1,1,49.99,19.49
92,"2012-04-08 20:50:48",92,1,1,49.99,19.49
93,"2012-04-08 21:10:18",93,1,1,49.99,19.49
94,"2012-04-08 22:33:08",94,1,1,49.99,19.49
95,"2012-04-09 09:49:50",95,1,1,49.99,19.49
96,"2012-04-09 09:50:14",96,1,1,49.99,19.49
97,"2012-04-09 11:25:30",97,1,1,49.99,19.49
98,"2012-04-09 15:01:23",98,1,1,49.99,19.49
99,"2012-04-09 19:48:47",99,1,1,49.99,19.49
100,"2012-04-09 20:28:57",100,1,1,49.99,19.49
101,"2012-04-09 22:56:37",101,1,1,49.99,19.49
102,"2012-04-09 23:25:30",102,1,1,49.99,19.49
103,"2012-04-10 14:21:17",103,1,1,49.99,19.49
104,"2012-04-10 16:40:18",104,1,1,49.99,19.49
105,"2012-04-10 22:27:09",105,1,1,49.99,19.49
106,"2012-04-11 14:13:17",106,1,1,49.99,19.49
107,"2012-04-11 15:22:47",107,1,1,49.99,19.49
108,"2012-04-11 16:38:56",108,1,1,49.99,19.49
109,"2012-04-11 20:19:28",109,1,1,49.99,19.49
110,"2012-04-11 21:59:27",110,1,1,49.99,19.49
111,"2012-04-12 10:03:06",111,1,1,49.99,19.49
112,"2012-04-12 10:51:25",112,1,1,49.99,19.49
113,"2012-04-12 13:30:14",113,1,1,49.99,19.49
114,"2012-04-12 15:50:47",114,1,1,49.99,19.49
115,"2012-04-13 02:13:16",115,1,1,49.99,19.49
116,"2012-04-13 14:53:49",116,1,1,49.99,19.49
117,"2012-04-14 23:26:48",117,1,1,49.99,19.49
118,"2012-04-15 09:00:37",118,1,1,49.99,19.49
119,"2012-04-15 13:20:39",119,1,1,49.99,19.49
120,"2012-04-15 15:10:58",120,1,1,49.99,19.49
121,"2012-04-15 16:36:31",121,1,1,49.99,19.49
122,"2012-04-16 13:22:52",122,1,1,49.99,19.49
123,"2012-04-16 14:54:24",123,1,1,49.99,19.49
124,"2012-04-16 15:03:23",124,1,1,49.99,19.49
125,"2012-04-16 17:59:57",125,1,1,49.99,19.49
126,"2012-04-16 19:33:33",126,1,1,49.99,19.49
127,"2012-04-17 19:20:42",127,1,1,49.99,19.49
128,"2012-04-18 10:28:38",128,1,1,49.99,19.49
129,"2012-04-18 12:10:33",129,1,1,49.99,19.49
130,"2012-04-18 18:51:07",130,1,1,49.99,19.49
131,"2012-04-18 19:59:44",131,1,1,49.99,19.49
132,"2012-04-19 07:42:08",132,1,1,49.99,19.49
133,"2012-04-19 13:21:03",133,1,1,49.99,19.49
134,"2012-04-19 14:19:40",134,1,1,49.99,19.49
135,"2012-04-19 14:20:15",135,1,1,49.99,19.49
136,"2012-04-19 19:02:48",136,1,1,49.99,19.49
137,"2012-04-19 21:50:45",137,1,1,49.99,19.49
138,"2012-04-20 14:02:15",138,1,1,49.99,19.49
139,"2012-04-21 17:39:59",139,1,1,49.99,19.49
140,"2012-04-22 11:01:02",140,1,1,49.99,19.49
141,"2012-04-22 16:58:22",141,1,1,49.99,19.49
142,"2012-04-22 21:22:31",142,1,1,49.99,19.49
143,"2012-04-23 11:07:52",143,1,1,49.99,19.49
144,"2012-04-23 11:27:53",144,1,1,49.99,19.49
145,"2012-04-23 12:31:17",145,1,1,49.99,19.49
146,"2012-04-23 17:12:15",146,1,1,49.99,19.49
147,"2012-04-23 20:59:07",147,1,1,49.99,19.49
148,"2012-04-23 22:39:58",148,1,1,49.99,19.49
149,"2012-04-23 22:57:17",149,1,1,49.99,19.49
150,"2012-04-24 19:22:17",150,1,1,49.99,19.49
151,"2012-04-24 23:13:26",151,1,1,49.99,19.49
152,"2012-04-25 21:05:32",152,1,1,49.99,19.49
153,"2012-04-26 15:35:59",153,1,1,49.99,19.49
154,"2012-04-26 17:43:19",154,1,1,49.99,19.49
155,"2012-04-26 22:22:55",155,1,1,49.99,19.49
156,"2012-04-27 01:22:32",156,1,1,49.99,19.49
157,"2012-04-27 19:42:18",157,1,1,49.99,19.49
158,"2012-04-29 16:58:56",158,1,1,49.99,19.49
159,"2012-04-30 12:14:59",159,1,1,49.99,19.49
160,"2012-05-01 03:50:09",160,1,1,49.99,19.49
161,"2012-05-01 10:34:08",161,1,1,49.99,19.49
162,"2012-05-01 11:20:19",162,1,1,49.99,19.49
163,"2012-05-01 12:10:41",163,1,1,49.99,19.49
164,"2012-05-01 16:25:31",164,1,1,49.99,19.49
165,"2012-05-02 11:50:21",165,1,1,49.99,19.49
166,"2012-05-02 12:56:44",166,1,1,49.99,19.49
167,"2012-05-02 17:15:10",167,1,1,49.99,19.49
168,"2012-05-02 17:24:00",168,1,1,49.99,19.49
169,"2012-05-03 09:03:53",169,1,1,49.99,19.49
170,"2012-05-03 09:40:22",170,1,1,49.99,19.49
171,"2012-05-03 15:19:38",171,1,1,49.99,19.49
172,"2012-05-03 16:24:32",172,1,1,49.99,19.49
173,"2012-05-03 23:52:58",173,1,1,49.99,19.49
174,"2012-05-04 05:22:36",174,1,1,49.99,19.49
175,"2012-05-04 10:24:35",175,1,1,49.99,19.49
176,"2012-05-04 16:56:05",176,1,1,49.99,19.49
177,"2012-05-08 15:59:05",177,1,1,49.99,19.49
178,"2012-05-08 16:18:21",178,1,1,49.99,19.49
179,"2012-05-09 01:00:09",179,1,1,49.99,19.49
180,"2012-05-09 01:40:07",180,1,1,49.99,19.49
181,"2012-05-09 09:04:41",181,1,1,49.99,19.49
182,"2012-05-09 10:16:50",182,1,1,49.99,19.49
183,"2012-05-09 13:36:25",183,1,1,49.99,19.49
184,"2012-05-09 14:59:36",184,1,1,49.99,19.49
185,"2012-05-09 17:01:21",185,1,1,49.99,19.49
186,"2012-05-09 17:41:14",186,1,1,49.99,19.49
187,"2012-05-10 09:54:16",187,1,1,49.99,19.49
188,"2012-05-10 18:45:17",188,1,1,49.99,19.49
189,"2012-05-10 21:29:58",189,1,1,49.99,19.49
190,"2012-05-11 11:10:14",190,1,1,49.99,19.49
191,"2012-05-11 15:06:01",191,1,1,49.99,19.49
192,"2012-05-11 21:20:08",192,1,1,49.99,19.49
193,"2012-05-12 20:44:15",193,1,1,49.99,19.49
194,"2012-05-13 08:21:23",194,1,1,49.99,19.49
195,"2012-05-13 15:56:25",195,1,1,49.99,19.49
196,"2012-05-13 17:04:33",196,1,1,49.99,19.49
197,"2012-05-14 18:33:40",197,1,1,49.99,19.49
198,"2012-05-14 18:51:18",198,1,1,49.99,19.49
199,"2012-05-15 03:20:44",199,1,1,49.99,19.49
200,"2012-05-15 05:20:02",200,1,1,49.99,19.49
201,"2012-05-15 05:28:05",201,1,1,49.99,19.49
202,"2012-05-15 08:13:34",202,1,1,49.99,19.49
203,"2012-05-15 08:56:05",203,1,1,49.99,19.49
204,"2012-05-15 15:06:45",204,1,1,49.99,19.49
205,"2012-05-15 15:29:52",205,1,1,49.99,19.49
206,"2012-05-15 17:26:16",206,1,1,49.99,19.49
207,"2012-05-16 05:07:43",207,1,1,49.99,19.49
208,"2012-05-16 05:33:50",208,1,1,49.99,19.49
209,"2012-05-17 00:34:13",209,1,1,49.99,19.49
210,"2012-05-17 16:23:20",210,1,1,49.99,19.49
211,"2012-05-17 19:33:38",211,1,1,49.99,19.49
212,"2012-05-18 10:29:28",212,1,1,49.99,19.49
213,"2012-05-18 11:38:07",213,1,1,49.99,19.49
214,"2012-05-18 13:43:00",214,1,1,49.99,19.49
215,"2012-05-18 14:24:34",215,1,1,49.99,19.49
216,"2012-05-19 03:45:52",216,1,1,49.99,19.49
217,"2012-05-20 00:54:14",217,1,1,49.99,19.49
218,"2012-05-20 09:53:49",218,1,1,49.99,19.49
219,"2012-05-20 22:54:22",219,1,1,49.99,19.49
220,"2012-05-20 23:15:35",220,1,1,49.99,19.49
221,"2012-05-20 23:36:57",221,1,1,49.99,19.49
222,"2012-05-21 05:26:35",222,1,1,49.99,19.49
223,"2012-05-21 11:52:18",223,1,1,49.99,19.49
224,"2012-05-21 16:48:12",224,1,1,49.99,19.49
225,"2012-05-21 22:15:20",225,1,1,49.99,19.49
226,"2012-05-22 05:15:47",226,1,1,49.99,19.49
227,"2012-05-22 06:15:19",227,1,1,49.99,19.49
228,"2012-05-22 11:40:48",228,1,1,49.99,19.49
229,"2012-05-22 13:00:49",229,1,1,49.99,19.49
230,"2012-05-22 16:53:01",230,1,1,49.99,19.49
231,"2012-05-23 03:29:12",231,1,1,49.99,19.49
232,"2012-05-23 22:13:43",232,1,1,49.99,19.49
233,"2012-05-23 23:24:06",233,1,1,49.99,19.49
234,"2012-05-24 19:34:52",234,1,1,49.99,19.49
235,"2012-05-24 20:47:20",235,1,1,49.99,19.49
236,"2012-05-25 04:56:43",236,1,1,49.99,19.49
237,"2012-05-25 05:03:31",237,1,1,49.99,19.49
238,"2012-05-25 11:32:25",238,1,1,49.99,19.49
239,"2012-05-25 14:34:54",239,1,1,49.99,19.49
240,"2012-05-25 14:47:19",240,1,1,49.99,19.49
241,"2012-05-25 16:22:45",241,1,1,49.99,19.49
242,"2012-05-26 13:48:44",242,1,1,49.99,19.49
243,"2012-05-26 14:12:31",243,1,1,49.99,19.49
244,"2012-05-26 17:15:58",244,1,1,49.99,19.49
245,"2012-05-27 09:35:20",245,1,1,49.99,19.49
246,"2012-05-27 23:20:09",246,1,1,49.99,19.49
247,"2012-05-28 01:00:08",247,1,1,49.99,19.49
248,"2012-05-28 06:32:53",248,1,1,49.99,19.49
249,"2012-05-28 15:16:53",249,1,1,49.99,19.49
250,"2012-05-29 06:08:15",250,1,1,49.99,19.49
251,"2012-05-29 10:25:35",251,1,1,49.99,19.49
252,"2012-05-29 10:28:05",252,1,1,49.99,19.49
253,"2012-05-29 11:52:28",253,1,1,49.99,19.49
254,"2012-05-29 15:26:24",254,1,1,49.99,19.49
255,"2012-05-29 16:36:43",255,1,1,49.99,19.49
256,"2012-05-29 17:05:01",256,1,1,49.99,19.49
257,"2012-05-29 23:52:45",257,1,1,49.99,19.49
258,"2012-05-30 03:09:09",258,1,1,49.99,19.49
259,"2012-05-30 07:56:12",259,1,1,49.99,19.49
260,"2012-05-30 12:03:14",260,1,1,49.99,19.49
261,"2012-05-30 20:49:37",261,1,1,49.99,19.49
262,"2012-05-30 23:02:24",262,1,1,49.99,19.49
263,"2012-05-31 05:33:03",263,1,1,49.99,19.49
264,"2012-05-31 09:04:38",264,1,1,49.99,19.49
265,"2012-05-31 11:07:52",265,1,1,49.99,19.49
266,"2012-05-31 16:48:56",266,1,1,49.99,19.49
267,"2012-05-31 23:09:54",267,1,1,49.99,19.49
268,"2012-06-01 06:22:07",268,1,1,49.99,19.49
269,"2012-06-01 12:48:56",269,1,1,49.99,19.49
270,"2012-06-01 12:57:29",270,1,1,49.99,19.49
271,"2012-06-01 14:22:14",271,1,1,49.99,19.49
272,"2012-06-01 18:27:57",272,1,1,49.99,19.49
273,"2012-06-01 20:13:43",273,1,1,49.99,19.49
274,"2012-06-02 13:04:20",274,1,1,49.99,19.49
275,"2012-06-02 23:36:33",275,1,1,49.99,19.49
276,"2012-06-03 07:08:32",276,1,1,49.99,19.49
277,"2012-06-03 10:20:20",277,1,1,49.99,19.49
278,"2012-06-03 17:07:33",278,1,1,49.99,19.49
279,"2012-06-03 18:13:27",279,1,1,49.99,19.49
280,"2012-06-04 01:52:42",280,1,1,49.99,19.49
281,"2012-06-04 18:54:32",281,1,1,49.99,19.49
282,"2012-06-05 00:05:08",282,1,1,49.99,19.49
283,"2012-06-05 00:43:45",283,1,1,49.99,19.49
284,"2012-06-05 03:25:52",284,1,1,49.99,19.49
285,"2012-06-05 11:58:32",285,1,1,49.99,19.49
286,"2012-06-05 14:05:13",286,1,1,49.99,19.49
287,"2012-06-06 01:28:55",287,1,1,49.99,19.49
288,"2012-06-06 08:14:09",288,1,1,49.99,19.49
289,"2012-06-06 09:43:17",289,1,1,49.99,19.49
290,"2012-06-06 10:54:47",290,1,1,49.99,19.49
291,"2012-06-06 13:05:33",291,1,1,49.99,19.49
292,"2012-06-06 16:36:33",292,1,1,49.99,19.49
293,"2012-06-06 17:40:07",293,1,1,49.99,19.49
294,"2012-06-06 18:13:18",294,1,1,49.99,19.49
295,"2012-06-07 06:41:57",295,1,1,49.99,19.49
296,"2012-06-07 09:31:47",296,1,1,49.99,19.49
297,"2012-06-07 11:52:01",297,1,1,49.99,19.49
298,"2012-06-07 12:51:42",298,1,1,49.99,19.49
299,"2012-06-07 13:34:27",299,1,1,49.99,19.49
300,"2012-06-07 20:46:55",300,1,1,49.99,19.49
301,"2012-06-08 00:03:33",301,1,1,49.99,19.49
302,"2012-06-08 01:47:40",302,1,1,49.99,19.49
303,"2012-06-08 06:25:01",303,1,1,49.99,19.49
304,"2012-06-08 09:11:42",304,1,1,49.99,19.49
305,"2012-06-08 10:07:24",305,1,1,49.99,19.49
306,"2012-06-08 13:58:12",306,1,1,49.99,19.49
307,"2012-06-09 03:07:43",307,1,1,49.99,19.49
308,"2012-06-09 14:35:34",308,1,1,49.99,19.49
309,"2012-06-09 23:54:32",309,1,1,49.99,19.49
310,"2012-06-10 18:55:21",310,1,1,49.99,19.49
311,"2012-06-10 19:48:05",311,1,1,49.99,19.49
312,"2012-06-10 21:39:55",312,1,1,49.99,19.49
313,"2012-06-11 09:36:20",313,1,1,49.99,19.49
314,"2012-06-11 10:54:00",314,1,1,49.99,19.49
315,"2012-06-11 11:01:26",315,1,1,49.99,19.49
316,"2012-06-11 11:47:49",316,1,1,49.99,19.49
317,"2012-06-11 18:56:38",317,1,1,49.99,19.49
318,"2012-06-12 02:14:58",318,1,1,49.99,19.49
319,"2012-06-12 04:20:51",319,1,1,49.99,19.49
320,"2012-06-12 11:24:59",320,1,1,49.99,19.49
321,"2012-06-12 14:26:12",321,1,1,49.99,19.49
322,"2012-06-12 19:17:57",322,1,1,49.99,19.49
323,"2012-06-13 06:04:27",323,1,1,49.99,19.49
324,"2012-06-13 10:37:39",324,1,1,49.99,19.49
325,"2012-06-13 10:58:10",325,1,1,49.99,19.49
326,"2012-06-13 11:16:36",326,1,1,49.99,19.49
327,"2012-06-13 11:20:33",327,1,1,49.99,19.49
328,"2012-06-13 11:50:45",328,1,1,49.99,19.49
329,"2012-06-13 12:29:01",329,1,1,49.99,19.49
330,"2012-06-13 14:02:27",330,1,1,49.99,19.49
331,"2012-06-13 15:21:05",331,1,1,49.99,19.49
332,"2012-06-13 17:09:12",332,1,1,49.99,19.49
333,"2012-06-14 14:26:25",333,1,1,49.99,19.49
334,"2012-06-15 13:58:14",334,1,1,49.99,19.49
335,"2012-06-15 23:13:12",335,1,1,49.99,19.49
336,"2012-06-16 00:01:59",336,1,1,49.99,19.49
337,"2012-06-16 03:33:59",337,1,1,49.99,19.49
338,"2012-06-16 12:01:25",338,1,1,49.99,19.49
339,"2012-06-17 15:38:35",339,1,1,49.99,19.49
340,"2012-06-17 19:48:58",340,1,1,49.99,19.49
341,"2012-06-17 22:07:17",341,1,1,49.99,19.49
342,"2012-06-17 22:28:00",342,1,1,49.99,19.49
343,"2012-06-18 00:56:42",343,1,1,49.99,19.49
344,"2012-06-18 13:34:15",344,1,1,49.99,19.49
345,"2012-06-18 14:05:16",345,1,1,49.99,19.49
346,"2012-06-18 15:11:43",346,1,1,49.99,19.49
347,"2012-06-18 18:59:55",347,1,1,49.99,19.49
348,"2012-06-18 21:48:03",348,1,1,49.99,19.49
349,"2012-06-18 22:57:16",349,1,1,49.99,19.49
350,"2012-06-19 11:32:52",350,1,1,49.99,19.49
351,"2012-06-19 12:18:16",351,1,1,49.99,19.49
352,"2012-06-19 13:30:33",352,1,1,49.99,19.49
353,"2012-06-19 13:52:26",353,1,1,49.99,19.49
354,"2012-06-19 16:48:25",354,1,1,49.99,19.49
355,"2012-06-19 20:11:05",355,1,1,49.99,19.49
356,"2012-06-20 11:33:35",356,1,1,49.99,19.49
357,"2012-06-20 13:50:01",357,1,1,49.99,19.49
358,"2012-06-20 14:47:06",358,1,1,49.99,19.49
359,"2012-06-20 16:00:38",359,1,1,49.99,19.49
360,"2012-06-20 17:08:38",360,1,1,49.99,19.49
361,"2012-06-20 22:54:44",361,1,1,49.99,19.49
362,"2012-06-21 04:58:24",362,1,1,49.99,19.49
363,"2012-06-21 08:15:41",363,1,1,49.99,19.49
364,"2012-06-21 11:10:30",364,1,1,49.99,19.49
365,"2012-06-21 16:25:33",365,1,1,49.99,19.49
366,"2012-06-21 19:59:44",366,1,1,49.99,19.49
367,"2012-06-22 08:41:18",367,1,1,49.99,19.49
368,"2012-06-22 11:36:44",368,1,1,49.99,19.49
369,"2012-06-22 14:33:43",369,1,1,49.99,19.49
370,"2012-06-22 18:49:05",370,1,1,49.99,19.49
371,"2012-06-22 19:33:16",371,1,1,49.99,19.49
372,"2012-06-23 12:06:08",372,1,1,49.99,19.49
373,"2012-06-23 13:40:12",373,1,1,49.99,19.49
374,"2012-06-23 16:36:18",374,1,1,49.99,19.49
375,"2012-06-23 22:43:23",375,1,1,49.99,19.49
376,"2012-06-24 22:23:27",376,1,1,49.99,19.49
377,"2012-06-24 22:31:20",377,1,1,49.99,19.49
378,"2012-06-25 07:54:20",378,1,1,49.99,19.49
379,"2012-06-25 15:26:00",379,1,1,49.99,19.49
380,"2012-06-25 16:15:11",380,1,1,49.99,19.49
381,"2012-06-25 19:33:29",381,1,1,49.99,19.49
382,"2012-06-25 19:54:22",382,1,1,49.99,19.49
383,"2012-06-26 11:55:47",383,1,1,49.99,19.49
384,"2012-06-26 15:30:33",384,1,1,49.99,19.49
385,"2012-06-26 16:06:17",385,1,1,49.99,19.49
386,"2012-06-26 18:57:33",386,1,1,49.99,19.49
387,"2012-06-26 21:13:49",387,1,1,49.99,19.49
388,"2012-06-27 08:32:24",388,1,1,49.99,19.49
389,"2012-06-27 08:47:31",389,1,1,49.99,19.49
390,"2012-06-27 11:00:53",390,1,1,49.99,19.49
391,"2012-06-27 11:54:28",391,1,1,49.99,19.49
392,"2012-06-27 17:25:39",392,1,1,49.99,19.49
393,"2012-06-27 19:31:05",393,1,1,49.99,19.49
394,"2012-06-28 10:23:55",394,1,1,49.99,19.49
395,"2012-06-28 13:40:38",395,1,1,49.99,19.49
396,"2012-06-28 16:39:38",396,1,1,49.99,19.49
397,"2012-06-28 19:34:15",397,1,1,49.99,19.49
398,"2012-06-28 20:48:11",398,1,1,49.99,19.49
399,"2012-06-28 20:56:06",399,1,1,49.99,19.49
400,"2012-06-28 22:09:09",400,1,1,49.99,19.49
401,"2012-06-28 22:24:39",401,1,1,49.99,19.49
402,"2012-06-28 22:31:35",402,1,1,49.99,19.49
403,"2012-06-29 16:09:23",403,1,1,49.99,19.49
404,"2012-06-29 18:43:37",404,1,1,49.99,19.49
405,"2012-06-30 15:17:20",405,1,1,49.99,19.49
406,"2012-06-30 15:36:55",406,1,1,49.99,19.49
407,"2012-06-30 19:50:24",407,1,1,49.99,19.49
408,"2012-07-01 04:39:15",408,1,1,49.99,19.49
409,"2012-07-02 13:24:53",409,1,1,49.99,19.49
410,"2012-07-02 16:45:36",410,1,1,49.99,19.49
411,"2012-07-02 17:54:02",411,1,1,49.99,19.49
412,"2012-07-03 08:18:59",412,1,1,49.99,19.49
413,"2012-07-03 10:42:14",413,1,1,49.99,19.49
414,"2012-07-03 16:47:31",414,1,1,49.99,19.49
415,"2012-07-03 19:10:49",415,1,1,49.99,19.49
416,"2012-07-04 05:03:48",416,1,1,49.99,19.49
417,"2012-07-04 10:01:15",417,1,1,49.99,19.49
418,"2012-07-04 10:47:55",418,1,1,49.99,19.49
419,"2012-07-04 11:06:26",419,1,1,49.99,19.49
420,"2012-07-04 14:43:10",420,1,1,49.99,19.49
421,"2012-07-04 18:29:11",421,1,1,49.99,19.49
422,"2012-07-05 00:47:21",422,1,1,49.99,19.49
423,"2012-07-05 04:47:21",423,1,1,49.99,19.49
424,"2012-07-05 09:59:09",424,1,1,49.99,19.49
425,"2012-07-05 11:14:31",425,1,1,49.99,19.49
426,"2012-07-05 16:37:59",426,1,1,49.99,19.49
427,"2012-07-05 19:49:47",427,1,1,49.99,19.49
428,"2012-07-05 20:41:36",428,1,1,49.99,19.49
429,"2012-07-06 11:27:19",429,1,1,49.99,19.49
430,"2012-07-06 14:55:59",430,1,1,49.99,19.49
431,"2012-07-06 18:26:30",431,1,1,49.99,19.49
432,"2012-07-06 19:31:49",432,1,1,49.99,19.49
433,"2012-07-06 23:22:36",433,1,1,49.99,19.49
434,"2012-07-07 03:59:22",434,1,1,49.99,19.49
435,"2012-07-07 11:23:00",435,1,1,49.99,19.49
436,"2012-07-07 15:54:15",436,1,1,49.99,19.49
437,"2012-07-07 17:04:54",437,1,1,49.99,19.49
438,"2012-07-08 01:02:03",438,1,1,49.99,19.49
439,"2012-07-08 09:24:08",439,1,1,49.99,19.49
440,"2012-07-09 01:52:21",440,1,1,49.99,19.49
441,"2012-07-09 09:42:21",441,1,1,49.99,19.49
442,"2012-07-09 13:16:10",442,1,1,49.99,19.49
443,"2012-07-09 13:45:45",443,1,1,49.99,19.49
444,"2012-07-09 13:49:41",444,1,1,49.99,19.49
445,"2012-07-09 15:11:16",445,1,1,49.99,19.49
446,"2012-07-09 16:22:11",446,1,1,49.99,19.49
447,"2012-07-10 10:05:45",447,1,1,49.99,19.49
448,"2012-07-10 10:29:22",448,1,1,49.99,19.49
449,"2012-07-10 11:39:32",449,1,1,49.99,19.49
450,"2012-07-10 18:36:11",450,1,1,49.99,19.49
451,"2012-07-10 20:15:01",451,1,1,49.99,19.49
452,"2012-07-10 21:09:44",452,1,1,49.99,19.49
453,"2012-07-11 05:50:22",453,1,1,49.99,19.49
454,"2012-07-11 09:23:53",454,1,1,49.99,19.49
455,"2012-07-11 12:21:30",455,1,1,49.99,19.49
456,"2012-07-11 12:52:47",456,1,1,49.99,19.49
457,"2012-07-11 13:24:17",457,1,1,49.99,19.49
458,"2012-07-11 13:47:21",458,1,1,49.99,19.49
459,"2012-07-11 13:48:14",459,1,1,49.99,19.49
460,"2012-07-11 15:06:13",460,1,1,49.99,19.49
461,"2012-07-11 16:03:49",461,1,1,49.99,19.49
462,"2012-07-12 16:32:46",462,1,1,49.99,19.49
463,"2012-07-12 19:04:07",463,1,1,49.99,19.49
464,"2012-07-12 19:52:36",464,1,1,49.99,19.49
465,"2012-07-12 23:48:07",465,1,1,49.99,19.49
466,"2012-07-13 08:10:50",466,1,1,49.99,19.49
467,"2012-07-13 10:41:18",467,1,1,49.99,19.49
468,"2012-07-13 13:03:58",468,1,1,49.99,19.49
469,"2012-07-13 23:45:01",469,1,1,49.99,19.49
470,"2012-07-14 02:51:53",470,1,1,49.99,19.49
471,"2012-07-14 12:53:11",471,1,1,49.99,19.49
472,"2012-07-14 14:57:16",472,1,1,49.99,19.49
473,"2012-07-14 15:30:54",473,1,1,49.99,19.49
474,"2012-07-15 01:38:13",474,1,1,49.99,19.49
475,"2012-07-15 10:16:15",475,1,1,49.99,19.49
476,"2012-07-15 12:04:18",476,1,1,49.99,19.49
477,"2012-07-15 14:13:43",477,1,1,49.99,19.49
478,"2012-07-15 19:03:48",478,1,1,49.99,19.49
479,"2012-07-15 19:50:21",479,1,1,49.99,19.49
480,"2012-07-16 10:46:43",480,1,1,49.99,19.49
481,"2012-07-16 11:31:07",481,1,1,49.99,19.49
482,"2012-07-16 13:27:03",482,1,1,49.99,19.49
483,"2012-07-16 15:25:14",483,1,1,49.99,19.49
484,"2012-07-16 18:34:41",484,1,1,49.99,19.49
485,"2012-07-16 19:17:59",485,1,1,49.99,19.49
486,"2012-07-17 00:45:50",486,1,1,49.99,19.49
487,"2012-07-17 05:43:11",487,1,1,49.99,19.49
488,"2012-07-17 13:18:34",488,1,1,49.99,19.49
489,"2012-07-17 13:23:08",489,1,1,49.99,19.49
490,"2012-07-17 17:21:16",490,1,1,49.99,19.49
491,"2012-07-17 18:08:05",491,1,1,49.99,19.49
492,"2012-07-17 20:29:43",492,1,1,49.99,19.49
493,"2012-07-17 21:21:08",493,1,1,49.99,19.49
494,"2012-07-18 08:25:04",494,1,1,49.99,19.49
495,"2012-07-18 10:18:16",495,1,1,49.99,19.49
496,"2012-07-18 22:06:59",496,1,1,49.99,19.49
497,"2012-07-18 23:31:30",497,1,1,49.99,19.49
498,"2012-07-19 11:13:56",498,1,1,49.99,19.49
499,"2012-07-19 15:54:59",499,1,1,49.99,19.49
500,"2012-07-19 17:43:50",500,1,1,49.99,19.49
501,"2012-07-19 21:50:52",501,1,1,49.99,19.49
502,"2012-07-19 23:02:09",502,1,1,49.99,19.49
503,"2012-07-20 00:24:37",503,1,1,49.99,19.49
504,"2012-07-20 05:33:28",504,1,1,49.99,19.49
505,"2012-07-20 07:15:50",505,1,1,49.99,19.49
506,"2012-07-20 08:57:24",506,1,1,49.99,19.49
507,"2012-07-20 15:29:01",507,1,1,49.99,19.49
508,"2012-07-20 16:43:14",508,1,1,49.99,19.49
509,"2012-07-20 16:48:55",509,1,1,49.99,19.49
510,"2012-07-20 17:02:38",510,1,1,49.99,19.49
511,"2012-07-20 17:06:32",511,1,1,49.99,19.49
512,"2012-07-20 17:10:04",512,1,1,49.99,19.49
513,"2012-07-20 18:44:15",513,1,1,49.99,19.49
514,"2012-07-20 20:41:06",514,1,1,49.99,19.49
515,"2012-07-20 20:52:28",515,1,1,49.99,19.49
516,"2012-07-21 04:05:00",516,1,1,49.99,19.49
517,"2012-07-21 08:55:15",517,1,1,49.99,19.49
518,"2012-07-21 11:33:18",518,1,1,49.99,19.49
519,"2012-07-21 18:06:33",519,1,1,49.99,19.49
520,"2012-07-21 23:59:25",520,1,1,49.99,19.49
521,"2012-07-22 03:43:01",521,1,1,49.99,19.49
522,"2012-07-22 12:55:16",522,1,1,49.99,19.49
523,"2012-07-22 20:55:07",523,1,1,49.99,19.49
524,"2012-07-23 03:10:58",524,1,1,49.99,19.49
525,"2012-07-23 06:09:52",525,1,1,49.99,19.49
526,"2012-07-23 08:47:18",526,1,1,49.99,19.49
527,"2012-07-23 10:07:03",527,1,1,49.99,19.49
528,"2012-07-23 13:33:06",528,1,1,49.99,19.49
529,"2012-07-23 17:31:02",529,1,1,49.99,19.49
530,"2012-07-23 18:23:49",530,1,1,49.99,19.49
531,"2012-07-24 10:38:29",531,1,1,49.99,19.49
532,"2012-07-24 11:09:44",532,1,1,49.99,19.49
533,"2012-07-24 12:25:30",533,1,1,49.99,19.49
534,"2012-07-24 16:37:52",534,1,1,49.99,19.49
535,"2012-07-24 20:59:33",535,1,1,49.99,19.49
536,"2012-07-24 21:17:15",536,1,1,49.99,19.49
537,"2012-07-24 22:25:22",537,1,1,49.99,19.49
538,"2012-07-25 03:01:08",538,1,1,49.99,19.49
539,"2012-07-25 12:00:02",539,1,1,49.99,19.49
540,"2012-07-25 12:06:20",540,1,1,49.99,19.49
541,"2012-07-25 12:09:18",541,1,1,49.99,19.49
542,"2012-07-25 12:14:12",542,1,1,49.99,19.49
543,"2012-07-25 17:50:25",543,1,1,49.99,19.49
544,"2012-07-26 01:13:26",544,1,1,49.99,19.49
545,"2012-07-26 09:45:11",545,1,1,49.99,19.49
546,"2012-07-26 12:59:30",546,1,1,49.99,19.49
547,"2012-07-26 14:54:17",547,1,1,49.99,19.49
548,"2012-07-26 15:48:29",548,1,1,49.99,19.49
549,"2012-07-26 18:18:16",549,1,1,49.99,19.49
550,"2012-07-26 20:26:05",550,1,1,49.99,19.49
551,"2012-07-26 22:51:32",551,1,1,49.99,19.49
552,"2012-07-27 04:28:00",552,1,1,49.99,19.49
553,"2012-07-27 06:31:24",553,1,1,49.99,19.49
554,"2012-07-27 06:56:07",554,1,1,49.99,19.49
555,"2012-07-27 11:14:55",555,1,1,49.99,19.49
556,"2012-07-27 12:38:13",556,1,1,49.99,19.49
557,"2012-07-27 19:36:31",557,1,1,49.99,19.49
558,"2012-07-28 01:14:14",558,1,1,49.99,19.49
559,"2012-07-28 13:24:23",559,1,1,49.99,19.49
560,"2012-07-28 14:15:42",560,1,1,49.99,19.49
561,"2012-07-28 20:52:03",561,1,1,49.99,19.49
562,"2012-07-29 12:51:38",562,1,1,49.99,19.49
563,"2012-07-29 17:11:18",563,1,1,49.99,19.49
564,"2012-07-29 20:39:03",564,1,1,49.99,19.49
565,"2012-07-29 23:11:31",565,1,1,49.99,19.49
566,"2012-07-30 08:57:32",566,1,1,49.99,19.49
567,"2012-07-30 14:53:20",567,1,1,49.99,19.49
568,"2012-07-30 15:16:41",568,1,1,49.99,19.49
569,"2012-07-30 17:27:05",569,1,1,49.99,19.49
570,"2012-07-31 02:30:41",570,1,1,49.99,19.49
571,"2012-07-31 03:32:22",571,1,1,49.99,19.49
572,"2012-07-31 05:02:09",572,1,1,49.99,19.49
573,"2012-07-31 11:21:31",573,1,1,49.99,19.49
574,"2012-07-31 13:27:41",574,1,1,49.99,19.49
575,"2012-07-31 16:34:26",575,1,1,49.99,19.49
576,"2012-07-31 22:55:03",576,1,1,49.99,19.49
577,"2012-08-01 08:39:11",577,1,1,49.99,19.49
578,"2012-08-01 08:44:10",578,1,1,49.99,19.49
579,"2012-08-01 12:03:39",579,1,1,49.99,19.49
580,"2012-08-01 12:40:03",580,1,1,49.99,19.49
581,"2012-08-01 12:42:29",581,1,1,49.99,19.49
582,"2012-08-01 13:49:30",582,1,1,49.99,19.49
583,"2012-08-01 15:27:35",583,1,1,49.99,19.49
584,"2012-08-01 15:43:39",584,1,1,49.99,19.49
585,"2012-08-01 18:03:07",585,1,1,49.99,19.49
586,"2012-08-01 21:09:03",586,1,1,49.99,19.49
587,"2012-08-02 01:58:58",587,1,1,49.99,19.49
588,"2012-08-02 02:04:06",588,1,1,49.99,19.49
589,"2012-08-02 08:47:40",589,1,1,49.99,19.49
590,"2012-08-02 08:51:55",590,1,1,49.99,19.49
591,"2012-08-02 09:04:40",591,1,1,49.99,19.49
592,"2012-08-02 10:19:15",592,1,1,49.99,19.49
593,"2012-08-02 11:39:01",593,1,1,49.99,19.49
594,"2012-08-02 13:14:31",594,1,1,49.99,19.49
595,"2012-08-02 13:33:45",595,1,1,49.99,19.49
596,"2012-08-02 13:44:42",596,1,1,49.99,19.49
597,"2012-08-02 13:56:20",597,1,1,49.99,19.49
598,"2012-08-02 16:32:03",598,1,1,49.99,19.49
599,"2012-08-02 17:20:57",599,1,1,49.99,19.49
600,"2012-08-02 17:54:09",600,1,1,49.99,19.49
601,"2012-08-02 18:28:21",601,1,1,49.99,19.49
602,"2012-08-02 22:52:26",602,1,1,49.99,19.49
603,"2012-08-03 00:26:06",603,1,1,49.99,19.49
604,"2012-08-03 10:05:00",604,1,1,49.99,19.49
605,"2012-08-03 10:15:53",605,1,1,49.99,19.49
606,"2012-08-03 10:32:05",606,1,1,49.99,19.49
607,"2012-08-03 11:44:39",607,1,1,49.99,19.49
608,"2012-08-03 12:02:06",608,1,1,49.99,19.49
609,"2012-08-03 12:36:47",609,1,1,49.99,19.49
610,"2012-08-03 13:15:11",610,1,1,49.99,19.49
611,"2012-08-03 14:41:20",611,1,1,49.99,19.49
612,"2012-08-03 18:22:47",612,1,1,49.99,19.49
613,"2012-08-03 23:10:27",613,1,1,49.99,19.49
614,"2012-08-04 02:05:48",614,1,1,49.99,19.49
615,"2012-08-04 06:56:21",615,1,1,49.99,19.49
616,"2012-08-04 23:18:06",616,1,1,49.99,19.49
617,"2012-08-05 13:21:34",617,1,1,49.99,19.49
618,"2012-08-05 15:53:02",618,1,1,49.99,19.49
619,"2012-08-05 19:04:14",619,1,1,49.99,19.49
620,"2012-08-06 05:00:42",620,1,1,49.99,19.49
621,"2012-08-06 08:03:53",621,1,1,49.99,19.49
622,"2012-08-06 09:51:16",622,1,1,49.99,19.49
623,"2012-08-06 12:18:50",623,1,1,49.99,19.49
624,"2012-08-06 12:22:26",624,1,1,49.99,19.49
625,"2012-08-06 14:05:41",625,1,1,49.99,19.49
626,"2012-08-06 16:25:07",626,1,1,49.99,19.49
627,"2012-08-06 17:18:57",627,1,1,49.99,19.49
628,"2012-08-07 12:47:53",628,1,1,49.99,19.49
629,"2012-08-07 14:01:50",629,1,1,49.99,19.49
630,"2012-08-07 14:37:19",630,1,1,49.99,19.49
631,"2012-08-07 15:51:04",631,1,1,49.99,19.49
632,"2012-08-07 17:29:47",632,1,1,49.99,19.49
633,"2012-08-07 22:07:11",633,1,1,49.99,19.49
634,"2012-08-08 10:51:17",634,1,1,49.99,19.49
635,"2012-08-08 13:56:51",635,1,1,49.99,19.49
636,"2012-08-08 15:13:33",636,1,1,49.99,19.49
637,"2012-08-08 15:29:41",637,1,1,49.99,19.49
638,"2012-08-08 16:15:40",638,1,1,49.99,19.49
639,"2012-08-08 16:46:40",639,1,1,49.99,19.49
640,"2012-08-08 17:50:37",640,1,1,49.99,19.49
641,"2012-08-08 20:02:27",641,1,1,49.99,19.49
642,"2012-08-08 22:04:01",642,1,1,49.99,19.49
643,"2012-08-08 22:17:02",643,1,1,49.99,19.49
644,"2012-08-09 00:06:07",644,1,1,49.99,19.49
645,"2012-08-09 00:30:50",645,1,1,49.99,19.49
646,"2012-08-09 01:08:23",646,1,1,49.99,19.49
647,"2012-08-09 10:24:11",647,1,1,49.99,19.49
648,"2012-08-09 10:26:58",648,1,1,49.99,19.49
649,"2012-08-09 10:38:08",649,1,1,49.99,19.49
650,"2012-08-09 11:35:51",650,1,1,49.99,19.49
651,"2012-08-09 12:39:06",651,1,1,49.99,19.49
652,"2012-08-09 13:40:02",652,1,1,49.99,19.49
653,"2012-08-09 14:12:07",653,1,1,49.99,19.49
654,"2012-08-09 14:31:22",654,1,1,49.99,19.49
655,"2012-08-09 17:55:25",655,1,1,49.99,19.49
656,"2012-08-09 21:08:08",656,1,1,49.99,19.49
657,"2012-08-10 13:23:33",657,1,1,49.99,19.49
658,"2012-08-10 14:24:05",658,1,1,49.99,19.49
659,"2012-08-10 15:53:46",659,1,1,49.99,19.49
660,"2012-08-10 18:53:23",660,1,1,49.99,19.49
661,"2012-08-10 21:15:48",661,1,1,49.99,19.49
662,"2012-08-11 07:37:15",662,1,1,49.99,19.49
663,"2012-08-11 14:26:47",663,1,1,49.99,19.49
664,"2012-08-11 15:15:47",664,1,1,49.99,19.49
665,"2012-08-12 01:05:31",665,1,1,49.99,19.49
666,"2012-08-12 21:26:03",666,1,1,49.99,19.49
667,"2012-08-12 22:16:34",667,1,1,49.99,19.49
668,"2012-08-12 22:26:16",668,1,1,49.99,19.49
669,"2012-08-13 00:07:26",669,1,1,49.99,19.49
670,"2012-08-13 00:56:14",670,1,1,49.99,19.49
671,"2012-08-13 08:38:36",671,1,1,49.99,19.49
672,"2012-08-13 13:46:08",672,1,1,49.99,19.49
673,"2012-08-13 15:55:35",673,1,1,49.99,19.49
674,"2012-08-13 16:41:04",674,1,1,49.99,19.49
675,"2012-08-13 18:16:05",675,1,1,49.99,19.49
676,"2012-08-13 18:19:51",676,1,1,49.99,19.49
677,"2012-08-13 19:47:48",677,1,1,49.99,19.49
678,"2012-08-13 22:20:53",678,1,1,49.99,19.49
679,"2012-08-14 06:06:08",679,1,1,49.99,19.49
680,"2012-08-14 08:47:34",680,1,1,49.99,19.49
681,"2012-08-14 12:00:39",681,1,1,49.99,19.49
682,"2012-08-14 12:51:04",682,1,1,49.99,19.49
683,"2012-08-14 13:35:56",683,1,1,49.99,19.49
684,"2012-08-14 14:08:03",684,1,1,49.99,19.49
685,"2012-08-14 17:05:49",685,1,1,49.99,19.49
686,"2012-08-14 19:20:00",686,1,1,49.99,19.49
687,"2012-08-14 21:42:38",687,1,1,49.99,19.49
688,"2012-08-15 07:28:33",688,1,1,49.99,19.49
689,"2012-08-15 11:24:40",689,1,1,49.99,19.49
690,"2012-08-15 18:53:08",690,1,1,49.99,19.49
691,"2012-08-15 20:17:39",691,1,1,49.99,19.49
692,"2012-08-16 02:32:42",692,1,1,49.99,19.49
693,"2012-08-16 14:33:56",693,1,1,49.99,19.49
694,"2012-08-16 15:21:11",694,1,1,49.99,19.49
695,"2012-08-16 21:25:35",695,1,1,49.99,19.49
696,"2012-08-16 22:09:31",696,1,1,49.99,19.49
697,"2012-08-16 22:21:07",697,1,1,49.99,19.49
698,"2012-08-16 22:39:48",698,1,1,49.99,19.49
699,"2012-08-17 15:27:46",699,1,1,49.99,19.49
700,"2012-08-17 21:37:25",700,1,1,49.99,19.49
701,"2012-08-18 09:17:52",701,1,1,49.99,19.49
702,"2012-08-18 11:06:51",702,1,1,49.99,19.49
703,"2012-08-18 22:53:48",703,1,1,49.99,19.49
704,"2012-08-19 15:28:21",704,1,1,49.99,19.49
705,"2012-08-19 17:47:09",705,1,1,49.99,19.49
706,"2012-08-19 19:50:19",706,1,1,49.99,19.49
707,"2012-08-20 00:04:43",707,1,1,49.99,19.49
708,"2012-08-20 08:01:50",708,1,1,49.99,19.49
709,"2012-08-20 10:06:24",709,1,1,49.99,19.49
710,"2012-08-20 10:50:33",710,1,1,49.99,19.49
711,"2012-08-20 11:00:34",711,1,1,49.99,19.49
712,"2012-08-20 11:34:59",712,1,1,49.99,19.49
713,"2012-08-20 11:57:56",713,1,1,49.99,19.49
714,"2012-08-20 12:45:03",714,1,1,49.99,19.49
715,"2012-08-20 14:50:25",715,1,1,49.99,19.49
716,"2012-08-20 15:01:23",716,1,1,49.99,19.49
717,"2012-08-20 15:16:35",717,1,1,49.99,19.49
718,"2012-08-20 18:11:58",718,1,1,49.99,19.49
719,"2012-08-20 18:50:17",719,1,1,49.99,19.49
720,"2012-08-21 08:31:19",720,1,1,49.99,19.49
721,"2012-08-21 12:52:13",721,1,1,49.99,19.49
722,"2012-08-21 12:56:07",722,1,1,49.99,19.49
723,"2012-08-21 13:12:31",723,1,1,49.99,19.49
724,"2012-08-21 13:13:28",724,1,1,49.99,19.49
725,"2012-08-21 14:35:50",725,1,1,49.99,19.49
726,"2012-08-21 18:48:13",726,1,1,49.99,19.49
727,"2012-08-21 19:46:47",727,1,1,49.99,19.49
728,"2012-08-21 21:16:37",728,1,1,49.99,19.49
729,"2012-08-22 05:43:35",729,1,1,49.99,19.49
730,"2012-08-22 10:54:27",730,1,1,49.99,19.49
731,"2012-08-22 12:39:35",731,1,1,49.99,19.49
732,"2012-08-22 13:43:49",732,1,1,49.99,19.49
733,"2012-08-22 16:29:25",733,1,1,49.99,19.49
734,"2012-08-22 17:53:01",734,1,1,49.99,19.49
735,"2012-08-22 18:21:57",735,1,1,49.99,19.49
736,"2012-08-22 23:35:34",736,1,1,49.99,19.49
737,"2012-08-23 04:43:22",737,1,1,49.99,19.49
738,"2012-08-23 12:19:53",738,1,1,49.99,19.49
739,"2012-08-23 13:16:18",739,1,1,49.99,19.49
740,"2012-08-23 14:11:29",740,1,1,49.99,19.49
741,"2012-08-23 16:15:19",741,1,1,49.99,19.49
742,"2012-08-23 16:16:38",742,1,1,49.99,19.49
743,"2012-08-23 16:35:55",743,1,1,49.99,19.49
744,"2012-08-23 18:03:16",744,1,1,49.99,19.49
745,"2012-08-23 19:24:15",745,1,1,49.99,19.49
746,"2012-08-23 19:47:50",746,1,1,49.99,19.49
747,"2012-08-24 10:59:45",747,1,1,49.99,19.49
748,"2012-08-24 11:11:14",748,1,1,49.99,19.49
749,"2012-08-24 11:49:23",749,1,1,49.99,19.49
750,"2012-08-24 12:27:07",750,1,1,49.99,19.49
751,"2012-08-24 13:08:47",751,1,1,49.99,19.49
752,"2012-08-24 13:12:09",752,1,1,49.99,19.49
753,"2012-08-24 16:54:24",753,1,1,49.99,19.49
754,"2012-08-24 16:57:30",754,1,1,49.99,19.49
755,"2012-08-24 18:36:07",755,1,1,49.99,19.49
756,"2012-08-24 19:02:15",756,1,1,49.99,19.49
757,"2012-08-25 13:17:26",757,1,1,49.99,19.49
758,"2012-08-25 21:58:56",758,1,1,49.99,19.49
759,"2012-08-26 13:45:57",759,1,1,49.99,19.49
760,"2012-08-26 14:52:41",760,1,1,49.99,19.49
761,"2012-08-26 14:59:16",761,1,1,49.99,19.49
762,"2012-08-26 19:09:43",762,1,1,49.99,19.49
763,"2012-08-26 19:14:57",763,1,1,49.99,19.49
764,"2012-08-27 00:57:50",764,1,1,49.99,19.49
765,"2012-08-27 01:04:07",765,1,1,49.99,19.49
766,"2012-08-27 10:41:02",766,1,1,49.99,19.49
767,"2012-08-27 11:40:25",767,1,1,49.99,19.49
768,"2012-08-27 12:05:19",768,1,1,49.99,19.49
769,"2012-08-27 15:03:55",769,1,1,49.99,19.49
770,"2012-08-27 17:33:06",770,1,1,49.99,19.49
771,"2012-08-28 00:12:14",771,1,1,49.99,19.49
772,"2012-08-28 06:19:43",772,1,1,49.99,19.49
773,"2012-08-28 09:32:22",773,1,1,49.99,19.49
774,"2012-08-28 13:27:46",774,1,1,49.99,19.49
775,"2012-08-28 14:49:40",775,1,1,49.99,19.49
776,"2012-08-28 16:12:31",776,1,1,49.99,19.49
777,"2012-08-28 18:01:45",777,1,1,49.99,19.49
778,"2012-08-28 18:42:21",778,1,1,49.99,19.49
779,"2012-08-28 18:45:25",779,1,1,49.99,19.49
780,"2012-08-28 21:36:40",780,1,1,49.99,19.49
781,"2012-08-28 21:52:47",781,1,1,49.99,19.49
782,"2012-08-29 02:38:05",782,1,1,49.99,19.49
783,"2012-08-29 07:49:36",783,1,1,49.99,19.49
784,"2012-08-29 09:30:50",784,1,1,49.99,19.49
785,"2012-08-29 10:08:39",785,1,1,49.99,19.49
786,"2012-08-29 13:08:59",786,1,1,49.99,19.49
787,"2012-08-29 15:13:28",787,1,1,49.99,19.49
788,"2012-08-29 16:37:41",788,1,1,49.99,19.49
789,"2012-08-29 17:21:09",789,1,1,49.99,19.49
790,"2012-08-29 18:57:10",790,1,1,49.99,19.49
791,"2012-08-29 21:26:32",791,1,1,49.99,19.49
792,"2012-08-30 03:56:59",792,1,1,49.99,19.49
793,"2012-08-30 10:36:14",793,1,1,49.99,19.49
794,"2012-08-30 11:12:49",794,1,1,49.99,19.49
795,"2012-08-30 14:26:05",795,1,1,49.99,19.49
796,"2012-08-30 14:56:12",796,1,1,49.99,19.49
797,"2012-08-30 16:44:35",797,1,1,49.99,19.49
798,"2012-08-30 16:55:49",798,1,1,49.99,19.49
799,"2012-08-30 16:59:18",799,1,1,49.99,19.49
800,"2012-08-30 17:48:10",800,1,1,49.99,19.49
801,"2012-08-30 21:00:35",801,1,1,49.99,19.49
802,"2012-08-31 06:26:18",802,1,1,49.99,19.49
803,"2012-08-31 11:57:46",803,1,1,49.99,19.49
804,"2012-08-31 21:14:56",804,1,1,49.99,19.49
805,"2012-09-01 13:07:47",805,1,1,49.99,19.49
806,"2012-09-01 13:15:01",806,1,1,49.99,19.49
807,"2012-09-01 16:18:27",807,1,1,49.99,19.49
808,"2012-09-01 16:59:10",808,1,1,49.99,19.49
809,"2012-09-01 20:13:39",809,1,1,49.99,19.49
810,"2012-09-01 21:59:10",810,1,1,49.99,19.49
811,"2012-09-02 23:36:09",811,1,1,49.99,19.49
812,"2012-09-03 14:05:11",812,1,1,49.99,19.49
813,"2012-09-03 14:10:41",813,1,1,49.99,19.49
814,"2012-09-03 14:55:56",814,1,1,49.99,19.49
815,"2012-09-03 15:51:27",815,1,1,49.99,19.49
816,"2012-09-03 16:28:29",816,1,1,49.99,19.49
817,"2012-09-03 17:17:26",817,1,1,49.99,19.49
818,"2012-09-03 18:09:54",818,1,1,49.99,19.49
819,"2012-09-04 08:08:59",819,1,1,49.99,19.49
820,"2012-09-04 10:10:10",820,1,1,49.99,19.49
821,"2012-09-04 10:15:24",821,1,1,49.99,19.49
822,"2012-09-04 12:06:19",822,1,1,49.99,19.49
823,"2012-09-04 14:09:10",823,1,1,49.99,19.49
824,"2012-09-04 14:20:43",824,1,1,49.99,19.49
825,"2012-09-04 14:46:33",825,1,1,49.99,19.49
826,"2012-09-04 18:10:59",826,1,1,49.99,19.49
827,"2012-09-04 21:51:10",827,1,1,49.99,19.49
828,"2012-09-04 22:52:04",828,1,1,49.99,19.49
829,"2012-09-04 23:33:29",829,1,1,49.99,19.49
830,"2012-09-04 23:56:41",830,1,1,49.99,19.49
831,"2012-09-05 06:58:23",831,1,1,49.99,19.49
832,"2012-09-05 07:15:18",832,1,1,49.99,19.49
833,"2012-09-05 13:12:47",833,1,1,49.99,19.49
834,"2012-09-05 13:28:43",834,1,1,49.99,19.49
835,"2012-09-05 15:21:23",835,1,1,49.99,19.49
836,"2012-09-05 15:24:03",836,1,1,49.99,19.49
837,"2012-09-05 15:28:31",837,1,1,49.99,19.49
838,"2012-09-05 18:00:25",838,1,1,49.99,19.49
839,"2012-09-05 19:05:53",839,1,1,49.99,19.49
840,"2012-09-05 19:23:29",840,1,1,49.99,19.49
841,"2012-09-06 02:19:20",841,1,1,49.99,19.49
842,"2012-09-06 03:22:44",842,1,1,49.99,19.49
843,"2012-09-06 03:55:12",843,1,1,49.99,19.49
844,"2012-09-06 13:31:11",844,1,1,49.99,19.49
845,"2012-09-06 14:35:48",845,1,1,49.99,19.49
846,"2012-09-06 15:26:37",846,1,1,49.99,19.49
847,"2012-09-06 17:21:50",847,1,1,49.99,19.49
848,"2012-09-06 17:48:43",848,1,1,49.99,19.49
849,"2012-09-06 19:57:16",849,1,1,49.99,19.49
850,"2012-09-06 21:11:36",850,1,1,49.99,19.49
851,"2012-09-06 21:14:43",851,1,1,49.99,19.49
852,"2012-09-06 21:24:26",852,1,1,49.99,19.49
853,"2012-09-07 05:03:00",853,1,1,49.99,19.49
854,"2012-09-07 09:31:35",854,1,1,49.99,19.49
855,"2012-09-07 12:09:34",855,1,1,49.99,19.49
856,"2012-09-07 12:12:54",856,1,1,49.99,19.49
857,"2012-09-07 14:23:35",857,1,1,49.99,19.49
858,"2012-09-07 17:48:42",858,1,1,49.99,19.49
859,"2012-09-07 21:45:10",859,1,1,49.99,19.49
860,"2012-09-07 21:51:57",860,1,1,49.99,19.49
861,"2012-09-07 22:59:36",861,1,1,49.99,19.49
862,"2012-09-08 15:49:39",862,1,1,49.99,19.49
863,"2012-09-08 17:58:04",863,1,1,49.99,19.49
864,"2012-09-08 18:19:22",864,1,1,49.99,19.49
865,"2012-09-08 19:49:52",865,1,1,49.99,19.49
866,"2012-09-08 20:43:56",866,1,1,49.99,19.49
867,"2012-09-09 10:24:33",867,1,1,49.99,19.49
868,"2012-09-09 13:03:20",868,1,1,49.99,19.49
869,"2012-09-09 18:31:22",869,1,1,49.99,19.49
870,"2012-09-09 21:53:14",870,1,1,49.99,19.49
871,"2012-09-10 00:17:39",871,1,1,49.99,19.49
872,"2012-09-10 05:44:53",872,1,1,49.99,19.49
873,"2012-09-10 08:01:41",873,1,1,49.99,19.49
874,"2012-09-10 08:41:10",874,1,1,49.99,19.49
875,"2012-09-10 09:29:30",875,1,1,49.99,19.49
876,"2012-09-10 11:24:00",876,1,1,49.99,19.49
877,"2012-09-10 12:26:55",877,1,1,49.99,19.49
878,"2012-09-10 15:10:04",878,1,1,49.99,19.49
879,"2012-09-10 18:29:05",879,1,1,49.99,19.49
880,"2012-09-10 19:16:09",880,1,1,49.99,19.49
881,"2012-09-10 22:06:57",881,1,1,49.99,19.49
882,"2012-09-11 00:35:41",882,1,1,49.99,19.49
883,"2012-09-11 06:45:19",883,1,1,49.99,19.49
884,"2012-09-11 10:17:59",884,1,1,49.99,19.49
885,"2012-09-11 10:56:22",885,1,1,49.99,19.49
886,"2012-09-11 12:17:59",886,1,1,49.99,19.49
887,"2012-09-11 13:45:24",887,1,1,49.99,19.49
888,"2012-09-11 15:35:17",888,1,1,49.99,19.49
889,"2012-09-11 19:18:46",889,1,1,49.99,19.49
890,"2012-09-11 22:42:01",890,1,1,49.99,19.49
891,"2012-09-12 00:52:15",891,1,1,49.99,19.49
892,"2012-09-12 01:35:19",892,1,1,49.99,19.49
893,"2012-09-12 03:07:49",893,1,1,49.99,19.49
894,"2012-09-12 07:49:58",894,1,1,49.99,19.49
895,"2012-09-12 09:03:25",895,1,1,49.99,19.49
896,"2012-09-12 10:07:11",896,1,1,49.99,19.49
897,"2012-09-12 10:47:29",897,1,1,49.99,19.49
898,"2012-09-12 12:25:50",898,1,1,49.99,19.49
899,"2012-09-12 13:06:27",899,1,1,49.99,19.49
900,"2012-09-12 16:56:14",900,1,1,49.99,19.49
901,"2012-09-12 19:38:47",901,1,1,49.99,19.49
902,"2012-09-12 20:07:51",902,1,1,49.99,19.49
903,"2012-09-12 22:59:22",903,1,1,49.99,19.49
904,"2012-09-13 05:47:46",904,1,1,49.99,19.49
905,"2012-09-13 06:26:24",905,1,1,49.99,19.49
906,"2012-09-13 07:35:22",906,1,1,49.99,19.49
907,"2012-09-13 08:43:08",907,1,1,49.99,19.49
908,"2012-09-13 08:54:42",908,1,1,49.99,19.49
909,"2012-09-13 09:20:53",909,1,1,49.99,19.49
910,"2012-09-13 10:07:59",910,1,1,49.99,19.49
911,"2012-09-13 12:05:56",911,1,1,49.99,19.49
912,"2012-09-13 13:03:44",912,1,1,49.99,19.49
913,"2012-09-13 14:43:05",913,1,1,49.99,19.49
914,"2012-09-13 15:20:29",914,1,1,49.99,19.49
915,"2012-09-13 15:36:35",915,1,1,49.99,19.49
916,"2012-09-13 15:56:30",916,1,1,49.99,19.49
917,"2012-09-13 15:59:27",917,1,1,49.99,19.49
918,"2012-09-13 17:43:17",918,1,1,49.99,19.49
919,"2012-09-13 18:13:27",919,1,1,49.99,19.49
920,"2012-09-13 18:50:41",920,1,1,49.99,19.49
921,"2012-09-13 18:56:22",921,1,1,49.99,19.49
922,"2012-09-13 21:59:17",922,1,1,49.99,19.49
923,"2012-09-14 10:27:39",923,1,1,49.99,19.49
924,"2012-09-14 11:58:49",924,1,1,49.99,19.49
925,"2012-09-14 13:25:18",925,1,1,49.99,19.49
926,"2012-09-14 13:55:04",926,1,1,49.99,19.49
927,"2012-09-14 15:20:41",927,1,1,49.99,19.49
928,"2012-09-14 16:03:40",928,1,1,49.99,19.49
929,"2012-09-14 19:21:46",929,1,1,49.99,19.49
930,"2012-09-14 20:43:30",930,1,1,49.99,19.49
931,"2012-09-14 22:11:08",931,1,1,49.99,19.49
932,"2012-09-15 03:58:42",932,1,1,49.99,19.49
933,"2012-09-15 08:14:28",933,1,1,49.99,19.49
934,"2012-09-15 13:27:05",934,1,1,49.99,19.49
935,"2012-09-15 20:21:40",935,1,1,49.99,19.49
936,"2012-09-15 20:58:49",936,1,1,49.99,19.49
937,"2012-09-15 21:43:09",937,1,1,49.99,19.49
938,"2012-09-15 23:48:12",938,1,1,49.99,19.49
939,"2012-09-16 11:29:56",939,1,1,49.99,19.49
940,"2012-09-16 12:57:22",940,1,1,49.99,19.49
941,"2012-09-16 19:44:05",941,1,1,49.99,19.49
942,"2012-09-16 20:50:15",942,1,1,49.99,19.49
943,"2012-09-17 02:04:14",943,1,1,49.99,19.49
944,"2012-09-17 10:05:12",944,1,1,49.99,19.49
945,"2012-09-17 10:20:38",945,1,1,49.99,19.49
946,"2012-09-17 12:51:26",946,1,1,49.99,19.49
947,"2012-09-17 13:13:56",947,1,1,49.99,19.49
948,"2012-09-17 15:07:57",948,1,1,49.99,19.49
949,"2012-09-17 15:26:08",949,1,1,49.99,19.49
950,"2012-09-17 17:49:53",950,1,1,49.99,19.49
951,"2012-09-18 00:07:55",951,1,1,49.99,19.49
952,"2012-09-18 06:14:38",952,1,1,49.99,19.49
953,"2012-09-18 09:07:36",953,1,1,49.99,19.49
954,"2012-09-18 11:02:52",954,1,1,49.99,19.49
955,"2012-09-18 12:48:20",955,1,1,49.99,19.49
956,"2012-09-18 14:13:27",956,1,1,49.99,19.49
957,"2012-09-18 15:20:51",957,1,1,49.99,19.49
958,"2012-09-18 19:24:01",958,1,1,49.99,19.49
959,"2012-09-18 20:21:06",959,1,1,49.99,19.49
960,"2012-09-18 21:17:57",960,1,1,49.99,19.49
961,"2012-09-18 21:32:39",961,1,1,49.99,19.49
962,"2012-09-19 00:13:54",962,1,1,49.99,19.49
963,"2012-09-19 00:20:44",963,1,1,49.99,19.49
964,"2012-09-19 00:44:08",964,1,1,49.99,19.49
965,"2012-09-19 08:37:14",965,1,1,49.99,19.49
966,"2012-09-19 08:58:26",966,1,1,49.99,19.49
967,"2012-09-19 09:23:42",967,1,1,49.99,19.49
968,"2012-09-19 10:09:10",968,1,1,49.99,19.49
969,"2012-09-19 10:14:53",969,1,1,49.99,19.49
970,"2012-09-19 10:24:38",970,1,1,49.99,19.49
971,"2012-09-19 11:08:41",971,1,1,49.99,19.49
972,"2012-09-19 11:18:26",972,1,1,49.99,19.49
973,"2012-09-19 11:28:11",973,1,1,49.99,19.49
974,"2012-09-19 12:13:43",974,1,1,49.99,19.49
975,"2012-09-19 13:40:38",975,1,1,49.99,19.49
976,"2012-09-19 15:09:01",976,1,1,49.99,19.49
977,"2012-09-19 16:56:52",977,1,1,49.99,19.49
978,"2012-09-19 17:30:27",978,1,1,49.99,19.49
979,"2012-09-19 17:41:18",979,1,1,49.99,19.49
980,"2012-09-19 22:38:31",980,1,1,49.99,19.49
981,"2012-09-20 05:11:21",981,1,1,49.99,19.49
982,"2012-09-20 06:19:41",982,1,1,49.99,19.49
983,"2012-09-20 07:10:49",983,1,1,49.99,19.49
984,"2012-09-20 10:04:13",984,1,1,49.99,19.49
985,"2012-09-20 10:14:28",985,1,1,49.99,19.49
986,"2012-09-20 10:15:37",986,1,1,49.99,19.49
987,"2012-09-20 10:52:30",987,1,1,49.99,19.49
988,"2012-09-20 14:50:53",988,1,1,49.99,19.49
989,"2012-09-20 15:39:37",989,1,1,49.99,19.49
990,"2012-09-20 15:50:02",990,1,1,49.99,19.49
991,"2012-09-20 16:11:19",991,1,1,49.99,19.49
992,"2012-09-20 16:17:42",992,1,1,49.99,19.49
993,"2012-09-20 19:13:26",993,1,1,49.99,19.49
994,"2012-09-20 22:00:33",994,1,1,49.99,19.49
995,"2012-09-21 02:03:24",995,1,1,49.99,19.49
996,"2012-09-21 05:04:54",996,1,1,49.99,19.49
997,"2012-09-21 06:23:08",997,1,1,49.99,19.49
998,"2012-09-21 10:32:27",998,1,1,49.99,19.49
999,"2012-09-21 11:50:01",999,1,1,49.99,19.49
1000,"2012-09-21 12:21:17",1000,1,1,49.99,19.49
